tid	text	week	uid	label	screen_name	quoA	quoAtid	repA	retB	quoB	quoBtid	repB	favorite_count	retweet_count
/1022805033535111168	Bill Clinton reminds us today of the tremendous vulnerability of children to #tuberculosis *@StopTB* #AIDS2018 https://t.co/EkyJamO3WH	30	h29249	aids2018	inchbyinch_rbr	0	[]	0	12	0	[]	0	20	11
/1021397723998752769	#AIDS2018 conference started today! **Visit @EU_Commission stand (204) &amp; attend our events promoting #EUfunded proj.. https://t.co/bqN5vnEzDl	30	h29249	aids2018	EU_Health	0	[]	0	11	0	[]	0	12	11
/1022803350302208001	Just now at #AIDS2018, @BillClinton  says this conference should remind people that TB is still the largest killer.. https://t.co/nzqWT4buV1	30	h29249	aids2018	TheUnion_TBLH	0	[]	0	9	0	[]	0	7	8
/1021755285369708544	Commissioner @V_Andriukaitis is attending #AIDS2018 conference in #Amsterdam**Read his speech **.. https://t.co/jPN9GfZLoh	30	h29249	aids2018	EU_Health	0	[]	0	9	0	[]	0	23	9
/1022469082069655553	#AIDS2018: @PeterASands says the most important thing we can do right now is to get heads of state to the High-Leve.. https://t.co/ETJEFHtfmh	30	h29249	aids2018	ACTION_tweets	0	[]	0	8	0	[]	0	9	8
/1021479725229846528	If you're attending #AIDS2018, don't miss this screening of @LuckySpecials at 18:30 tomorrow (Tuesday Jul 24), pres.. https://t.co/4FxHya274i	30	h29249	aids2018	discovery_learn	0	[]	0	7	0	[]	0	8	7
/1022804249691004928	We couldn't agree more! @BillClinton inspires #AIDS2018 to keep collaborating, partnering, and taking action to.. https://t.co/O0tfA3jMrV	30	h29249	aids2018	JNJGlobalHealth	0	[]	0	6	0	[]	0	15	6
/1022642095151108097	Interesantes reflexiones #AIDS2018 #Miles2Go #HazteLaPrueba #Tratamiento #TARV #UsaElCond*n #SexoSeguro #Prevenci*n.. https://t.co/wq3HxzZRxG	30	h29249	aids2018	StopVIH	0	[]	0	4	0	[]	0	4	5
/1022818711709863936	LIVE: #protesters from #SouthAfrica demand affordable treatment for #Tuberculosis #TB at @AIDS_conference #AIDS2018 https://t.co/lHclkvZQgm	30	h29249	aids2018	REACH4Cure	0	[]	0	4	0	[]	0	1	4
/1022015094740410369	#AIDS2018: Come to a screening of our new short documentary film exploring the struggle against multi-drug-resistan.. https://t.co/rt7gLYfTsK	30	h29249	aids2018	AIDS_Free_World	0	[]	0	4	0	[]	0	4	4
/1022814164497117184	Affordable generic #tuberculosis medicines for all!! #endTB #AIDS2018 @treatmentAC #makemedsaffordable @ITPCglobal https://t.co/qA9Au3GnmX	30	h29249	aids2018	PantelichMarija	0	[]	0	4	0	[]	0	4	4
/1020326700792664065	#AIDS2018 We have published an @EU_Commission Staff Working Document on combatting #HIV/#AIDS, viral #hepatitis and.. https://t.co/oOda3aJkFS	29	h29249	aids2018	EU_Health	0	[]	0	30	0	[]	0	21	30
/1020972221693677568	#AIDS2018, #TB2018: Don't miss AIDS-Free World's new short documentary film exploring multi-drug-resistant.. https://t.co/MmTZQCOZqb	29	h29249	aids2018	AIDS_Free_World	0	[]	0	20	0	[]	0	20	20
/1020983654200291328	#AIDS2018 delegates are stepping up to change the sound of #tuberculosis! Learn more: https://t.co/s8mOb6sMPd.. https://t.co/qJ99VB647P	29	h29249	aids2018	louderthantb	0	[]	0	19	0	[]	0	33	19
/1020286554399535104	Looking forward to seeing our partners at #AIDS2018 &amp; #TB2018, we'll be participating in a number of events startin.. https://t.co/U1LpzlWkMy	29	h29249	aids2018	StopTB	0	[]	0	7	0	[]	0	9	7
/1021063628412325893	It*s about time @realTBpeople ! #tuberculosis community needs to be bigger, louder and in your face. Don`t ask, demand! #TB2018 #AIDS2018	29	h29249	aids2018	mickessler	0	[]	0	7	0	[]	0	8	7
/1020311131401879552	Attending #AIDS2018 / #TB2018 and want to learn more about how #India and #SouthAfrica are approaching the struggle.. https://t.co/u4jAy3G68L	29	h29249	aids2018	AIDS_Free_World	0	[]	0	5	0	[]	0	7	5
/1021022453521362945	Aaron Oxley of @resultsuk talks accountability at #TB2018 #AIDS2018 @ATOxley #EndTB https://t.co/JYmMz6bFOQ	29	h29249	aids2018	ACTION_tweets	0	[]	0	5	0	[]	0	7	5
/1019633908458053632	"#AIDS2018: Join AIDS-Free World for the first screening of our new short documentary film: ""Two Countries, Two Choi.. https://t.co/PuXnPdiHCz"	29	h29249	aids2018	AIDS_Free_World	0	[]	0	4	0	[]	0	3	4
/1017862231562825729	#AIDS2018: Don't miss AIDS-Free World's new short documentary film exploring multi-drug-resistant #tuberculosis in.. https://t.co/B2N40loKgn	28	h29249	aids2018	AIDS_Free_World	0	[]	0	7	0	[]	0	5	7
/1037234037855854592	Collaboration and synergy between #TB drug R&amp;D efforts and #AMR R&amp;D efforts is need of the hour, says Dr.. https://t.co/UMZVlWuNZh	36	h11543	amr	cns_campaign	0	[]	0	1	0	[]	0	2	1
/1037281487190716417	Gwen knight #AMR is scary #IDDconf https://t.co/62uKIUWtW8	36	h11543	amr	katymeturner	0	[]	0	0	1	"[""/1037317631311798272""]"	0	8	2
/1035015520360321024	#AMR exceptionalism, on the lines of #AIDS exceptionalism can make it a top level #political issue to help deal wit.. https://t.co/AdaLkTg0Ac	35	h11543	amr	shobha1shukla	0	[]	0	0	0	[]	0	0	0
/1034432917626408960	#AMR exceptionalism, on the lines of #AIDS exceptionalism can make it a top level #political issue to help deal wit.. https://t.co/uvVx1GGUiI	35	h11543	amr	cns_health	0	[]	0	0	0	[]	0	0	0
/1033979998951096322	#AMR exceptionalism, on the lines of #AIDS exceptionalism can make it a top level #political issue to help deal wit.. https://t.co/vHKouPwFKw	35	h11543	amr	bobbyramakant	0	[]	0	0	0	[]	0	0	0
/1031645557100609536	WHO revises MDR-TB treatment with focus on oral drugs https://t.co/9Nef571YZa #MDRTB #AMR #AntibioticResistance.. https://t.co/7SJ7uRjxdR	34	h11543	amr	CIDRAP	0	[]	0	5	1	"[""/1031652182284619776""]"	0	2	5
/1031443246499725312	Collaboration and synergy between #TB drug R&amp;D efforts and #AMR R&amp;D efforts is need of the hour, says Dr.. https://t.co/zUX2rJ9HmZ	34	h11543	amr	cns_health	0	[]	0	2	0	[]	0	0	2
/1032117671511425024	Collaboration and synergy between #TB drug R&amp;D efforts and #AMR R&amp;D efforts is need of the hour, says Dr.. https://t.co/C5Eyz6KOBH	34	h11543	amr	shobha1shukla	0	[]	0	1	0	[]	0	1	1
/1030295684333883398	#Recommended: Drug-resistant #TB is a critical component of global response to #AMR: Listen to 1st episode of.. https://t.co/cbH4BsgSFE	33	h11543	amr	bobbyramakant	0	[]	0	6	0	[]	0	3	6
/1029901568005623808	#Drugresistant TB is the cornerstone of the global #AMR challenge, accounting for 25% of AMR fatalities per year. L.. https://t.co/xaa5JxRDOl	33	h11543	amr	ADP_health	0	[]	0	5	0	[]	0	6	5
/1030092093455327232	Collaboration and synergy between #TB drug R&amp;D efforts and #AMR R&amp;D efforts is need of the hour, says Dr.. https://t.co/FC9XywLZLA	33	h11543	amr	bobbyramakant	0	[]	0	1	0	[]	0	1	1
/1019648789513146369	Health is not just #health - it is politics &amp; economics. #AMR #NCDs, #endTB #AIDS #UHC are all political issues tha.. https://t.co/rrr0M1U5Ig	29	h11543	amr	priyamvadak	0	[]	0	4	0	[]	0	10	4
/1017520781352415232	STEWARDSHIP/RESISTANCE SCAN: Stewardship nudge; MDR-TB in kids; Mycoplasma genitalium guidelines #AMR https://t.co/Wm9p2TSi1P	28	h11543	amr	CIDRAP	0	[]	0	0	0	[]	0	0	0
/1009354273484890112	[#AMR Newsletter]* @FeverStudies launches first two study sites; a new treatment for drug-resistant #tuberculosis;.. https://t.co/OYqXgZuVLm	25	h11543	amr	LSHTM_AMR	0	[]	0	1	0	[]	0	3	1
/1004418083547688961	Experts: More political attention, research solutions needed for TB. https://t.co/HgYdhZSRSz via @devex #tuberculosis #AMR #UNHLMTB	23	h11543	amr	TBAlliance	0	[]	0	11	0	[]	0	10	11
/1003717197095735300	If we fail to act now, it*s predicted that by 2050, 25%of deaths due to #AMR will be from #TB. @JoanneLiu_MSF #endTB #EWECisME #UNHLMTB	23	h11543	amr	UN_EWEC	0	[]	0	2	0	[]	0	2	2
/1003683678688632832	Wanna work for @FINDdx ?? https://t.co/M5iyBDbVVw #scientificofficer #sequencing #tuberculosis #AMR	23	h11543	amr	ldpsci	0	[]	0	1	0	[]	0	0	1
/1003639403661742081	The pace of progress to #endTB has been too slow &amp; now #AMR presents a huge challenge to find new drugs to combat t.. https://t.co/NYpBqc6DsV	23	h11543	amr	UN_EWEC	0	[]	0	1	0	[]	0	0	1
/1005103415159132160	#InnovationFriday * To combat the rise of #AMR, #pharmacists have discovered a way to improve the efficacy of and r.. https://t.co/wZSGLLmuKJ	23	h11543	amr	aerasglobaltb	0	[]	0	0	0	[]	0	1	0
/999669402609115137	Actionable #HLMTB ask from #JNJ*s #JaakPeeters * tackle #MDRTB which causes a third of all #AMR deaths.  It*s a win.. https://t.co/5EEVtPvNsY	21	h11543	amr	ro_collins	0	[]	0	1	0	[]	0	12	9
/1034217561657761792	It's nature to the rescue as #UQ researchers hunt for new #tuberculosis #antibiotics. https://t.co/q0GVnmLnM2 https://t.co/g0gNJ6JbOj	35	h5668	antibiotic	UQMedicine	0	[]	0	0	0	[]	0	1	0
/1032766514166808576	The US Department of Defense will support #UQ researchers developing new #antibiotics for #tuberculosis with a $1.4.. https://t.co/93yhgSpcon	34	h5668	antibiotic	UQMedicine	0	[]	0	3	0	[]	0	6	3
/1032011417078190080	STEWARDSHIP / RESISTANCE SCAN: #Antibiotics for kids' #UTIs; Drug-resistant #TB surveillance model.. https://t.co/bTiqme5RXY	34	h5668	antibiotic	CIDRAP	0	[]	0	0	0	[]	0	0	0
/1032555174705938433	#Fluorescent #probe sheds light on #tuberculosis #bacteria. @aaas  #tb #epidemic #therapies #health #antibiotic.. https://t.co/5Xwi6bezII	34	h5668	antibiotic	BiophotonicsW	0	[]	0	0	0	[]	0	1	0
/1027151886015586304	#Drug that strengthens #blood #vessels allows #antibiotics to infiltrate #tuberculosis granulomas in mice. The drug.. https://t.co/zdPv1vK10Y	32	h5668	antibiotic	epphc19	0	[]	0	0	0	[]	0	1	0
/1022558749268082689	Results of debated question @ICMPhilly on what #antibiotic therapy, duration should be used in SSI/PJI caused by.. https://t.co/EM2BA8DdEi	30	h5668	antibiotic	OrthoToday	0	[]	0	3	0	[]	0	1	3
/1021756049097981952	Contrataci*n directa: tuberculosis. #Contrataci*nDirecta #Antibi*ticos #Tuberculosis #Lafedar #Fabra #Pharmabiz.. https://t.co/ceg7bmbDsw	30	h5668	antibiotic	pharmabizweb	0	[]	0	0	0	[]	0	0	0
/1021756051673296896	Contrataci*n directa: tuberculosis. #Contrataci*nDirecta #Antibi*ticos #Tuberculosis #Lafedar #Fabra #Pharmabiz.. https://t.co/M5VLghx7uF	30	h5668	antibiotic	cristinakroll	0	[]	0	0	0	[]	0	0	0
/1019065406865182720	#Parasitism #Pathogenesis #Immune System #Antibiotic Resistance #Allergic Reactions &amp; #Interactions #Malaria.. https://t.co/86allhkDBJ	29	h5668	antibiotic	AStomly	0	[]	0	0	0	[]	0	0	0
/1019371627727843328	Researchers show that 3 #herbal extracts work better than #antibiotics when treating #tuberculosis (TB). Crepe Jasm.. https://t.co/rPpaa9fMi5	29	h5668	antibiotic	pharmabotanica	0	[]	0	0	0	[]	0	0	0
/1004018255030149120	Until the advent of #antibiotics in the first half of the twentieth century, infections such as #diphtheria,.. https://t.co/nKBsREaRg9	23	h5668	antibiotic	ENT_AudsNews	0	[]	0	2	0	[]	0	3	2
/1002219417957273600	New #diagnostics &amp; #antibiotics are needed to fight #tuberculosis. @business describes how economic incentives for.. https://t.co/Ivr5av6TAt	22	h5668	antibiotic	AWG_News	0	[]	0	0	0	[]	0	0	0
/1034651647010435072	Random plasma glucose and point of care HbA1c can accurately diagnose #diabetes in #tuberculosis patients. The late.. https://t.co/ki6ux607JJ	35	h9923	diabetes	RonacherK	0	[]	0	5	0	[]	0	9	5
/1032677985793597442	1895 personas con #Diabetes y 1418 con #VIH sufrieron #Tuberculosis en Per* el 2017,ambas poblaciones vulnerables a.. https://t.co/0EiXMyBxup	34	h9923	diabetes	CarlosRoj_TBVIH	0	[]	0	3	0	[]	0	0	3
/1032349788342288384	1895 personas con #Diabetes y 1418 con #VIH sufrieron #Tuberculosis en Per* el 2017,ambas poblaciones vulnerables a.. https://t.co/0cCJmRPww5	34	h9923	diabetes	CarlosRoj_TBVIH	0	[]	0	3	0	[]	0	3	3
/1029517073322405888	Great to see the publications rolling our from our TANDEM study! @SUhealthsci @SuImmunology #tuberculosis #diabetes.. https://t.co/rKN6HgklAS	33	h9923	diabetes	RonacherK	0	[]	0	4	0	[]	0	7	4
/1028866968533655552	#Tuberculosis and #Diabetes Mellitus: A Double Whammy for the Developing Nations https://t.co/YZI4nUz1X9	33	h9923	diabetes	JMedDisgnosis	0	[]	0	0	0	[]	0	0	0
/1025334227510996992	BCG #vaccine found to strongly improve HbA1c in type 1 #diabetes https://t.co/I98WTlK60W*#tuberculosis	31	h9923	diabetes	ATTDconf	0	[]	0	4	0	[]	0	7	6
/1020434274141470726	https://t.co/MybBBk2kQh #tuberculosis #bcgvaccine #diabetes #diabetic #bloodsugar #type1diabetes #type2diabetes.. https://t.co/yyJOH2m52j	29	h9923	diabetes	NigeriaCircle	0	[]	0	0	0	[]	0	0	0
/1016383296635170816	The BCG vaccine against #tuberculosis may reverse Type 1 #diabetes to almost undetectable levels, an eight-year stu.. https://t.co/5ItgaVsiWE	28	h9923	diabetes	afshineemrani	0	[]	0	1	0	[]	0	3	1
/1015657197890621441	#Tuberculosis Vaccine May Be Able to Help People with #Diabetes - interesting article from @Healthline  https://t.co/o484HSFYcm	27	h9923	diabetes	ChronicRights	0	[]	0	4	0	[]	0	6	5
/1010522637859053568	A common #tuberculosis vaccine, #BCG , could provide a treatment for type 1 #diabetes**https://t.co/Qoj2m3Nl7q #TB	25	h9923	diabetes	MicrobesInfect	0	[]	0	22	0	[]	0	27	23
/1010033064011956224	The BCG vaccine against #tuberculosis may reverse Type 1 #diabetes to almost undetectable levels, an eight-year stu.. https://t.co/UlDtjTU1rS	25	h9923	diabetes	MicrobesInfect	0	[]	0	16	0	[]	0	24	18
/1010069212595830784	Type 1 #diabetes can be significantly reversed over several years with just 2 injections of the #tuberculosis vacci.. https://t.co/BBFldI0Skh	25	h9923	diabetes	MicrobesInfect	0	[]	0	9	0	[]	0	10	11
/1010366257223303168	Almost 100 years later, the lone #tuberculosis vaccine is showing promise in type I #diabetes  https://t.co/BJ2j1FylDp	25	h9923	diabetes	MediBulletin	0	[]	0	2	0	[]	0	1	2
/1009079752345509888	Fighting #TB and #Diabetes Together - About 7 million people in #Bangladesh suffer from diabetes, which triples a p.. https://t.co/O8y8PiBoRN	25	h9923	diabetes	ChallengeTB	0	[]	0	2	0	[]	0	4	2
/1010066611716358145	BCG (#tuberculosis) #vaccine can reverse Type 1 #diabetes to almost undetectable levels, eight-year study shows' |.. https://t.co/HPkRZqbMqi	25	h9923	diabetes	bioamara	0	[]	0	1	0	[]	0	6	1
/1010145168048250886	A century-old #vaccine for #tuberculosis may help patients with #diabetes according to new research!*https://t.co/Zm2B3XohML	25	h9923	diabetes	Endocrine_News	0	[]	0	0	0	[]	0	0	0
/1006127800825282560	In universal screening programme we will also look for #tuberculosis and #leprosy apart from #cancer, #diabetes and.. https://t.co/tRWaN3Pzaw	24	h9923	diabetes	MediBulletin	0	[]	0	0	0	[]	0	0	0
/1003655330570625024	*We must integrate #TB &amp; #HIV, #TB &amp; #diabetes &amp; address comorbidities,* says D Tobaiwa - integrated care &amp; treatme.. https://t.co/rNkBpZMLXj	23	h9923	diabetes	priyamvadak	0	[]	0	6	0	[]	0	6	6
/1002144130099826689	Factors that favour the dev't of #tuberculosis include; #HIV infection, malnutrition, alcoholism, #diabetes, kidney.. https://t.co/z3nQLrlxDD	22	h9923	diabetes	CBCHSORG	0	[]	0	0	0	[]	0	3	0
/996683205225926657	Our first analysis from the PREDICT study is out!  #diabetes #tuberculosis #ltbi**Diabetes mellitus and latent tube.. https://t.co/uCxj551SWI	20	h9923	diabetes	c_jackson_500	0	[]	0	1	0	[]	0	10	9
/1035083136223375360	Video teaser #Africa Side Event at #UN High Level Meeting on Ending #Tuberculosis https://t.co/wDGDJl3XFz #EndTB #UNHLMTB #Health #TB #MDRTB	35	h1913	health	SATBHSS_Project	0	[]	0	2	0	[]	0	1	2
/1034026346400374784	Improving Occupational #Health Services and Mining #Safety Standards https://t.co/KVLY5NCt3h #OHS #Tuberculosis https://t.co/xth6HRvxId	35	h1913	health	SATBHSS_Project	0	[]	0	2	0	[]	0	1	2
/1034759201397067776	#tuberculosis #health #Kenya*https://t.co/TgdEyuz9k9	35	h1913	health	fundsforngos	0	[]	0	1	0	[]	0	0	2
/1034581652310122496	#Scientists #Discover #New Way To Fight #Tuberculosis https://t.co/2D1fuBZzgO #News #Nigeria #TX #health #healthnews	35	h1913	health	NigeriaCircle	0	[]	0	1	0	[]	0	0	1
/1035083921137065985	Video teaser #Africa Side Event at #UN High Level Meeting on Ending #Tuberculosis https://t.co/tIx8yxbZF8  #EndTB #UNHLMTB #Health #TB	35	h1913	health	NEPAD_Agency	0	[]	0	1	0	[]	0	6	1
/1031453929178128384	For Majid and Chaman, the journey to full #health has begun. With luck, and thanks to these new #MDR-TB wards, many.. https://t.co/YFeJTEJEaT	34	h1913	health	UNDPaf	0	[]	0	6	0	[]	0	4	6
/1032216449820057601	The #health #benefits of banana include helping with #weight #loss, reducing #obesity, curing #intestinal.. https://t.co/G43WwR6zfp	34	h1913	health	planetayurveda9	0	[]	0	3	0	[]	0	4	3
/1021643644040867845	#UnitedNations General Assembly High-level Meeting on #Tuberculosis will be held on this September. https://t.co/s7vwTRCtIL #Health	30	h1913	health	newsclickin	0	[]	0	2	0	[]	0	3	2
/1021997233976369163	Bimla Misra Memorial Health Fellows help to document voices of affected communities dealing with specific #health a.. https://t.co/acRLYDjxMU	30	h1913	health	rahuldwived85	0	[]	0	2	0	[]	0	2	2
/1021653732923244544	Bimla Misra Memorial Health Fellows help to document voices of affected communities dealing with specific #health a.. https://t.co/Q5NdFsKJBW	30	h1913	health	shobha1shukla	0	[]	0	1	0	[]	0	1	1
/1019648789513146369	Health is not just #health - it is politics &amp; economics. #AMR #NCDs, #endTB #AIDS #UHC are all political issues tha.. https://t.co/rrr0M1U5Ig	29	h1913	health	priyamvadak	0	[]	0	4	0	[]	0	10	4
/1018723963935965184	https://t.co/9i2lFeAeE0*https://t.co/5SBwarUgFB*#health #Tuberculosis #NIRT #doctors #TB #eliminateTB #TBpatients.. https://t.co/F2L209gTvL	29	h1913	health	nptelindia	0	[]	0	1	0	[]	0	1	1
/1017324220777488384	In 2017, #OFID committed US$30m to a range of #health initiatives aimed at preventing &amp; treating #diseases, such as.. https://t.co/nZtukaWT7l	28	h1913	health	OFIDnews	0	[]	0	1	0	[]	0	3	1
/1016189147906625536	https://t.co/qidEfIIhC7**https://t.co/5SBwarUgFB**#health #Tuberculosis #NIRT #doctors #TB #eliminateTB #TBpatients.. https://t.co/5P6v4LXKD4	28	h1913	health	nptelindia	0	[]	0	1	0	[]	0	1	1
/1018057608073220096	Without universal access to quality #health care, millions of people die unnecessarily every year, and preventable.. https://t.co/ytP4Ac3w5p	28	h1913	health	GlobalFund	0	[]	0	1	0	[]	0	9	12
/1017580558841458689	#Quarantine is necessary to protect the health of the individual and the #health of the #community. I have quaranti.. https://t.co/fVsEY0bA3g	28	h1913	health	TheFrenchEm	0	[]	0	1	0	[]	0	2	1
/1014739697493426177	https://t.co/9i2lFeAeE0**https://t.co/5SBwarUgFB**#health #Tuberculosis #NIRT #doctors #TB #eliminateTB #TBpatients.. https://t.co/Z4GRGBrCZP	27	h1913	health	nptelindia	0	[]	0	1	0	[]	0	2	1
/1015253465717714946	USA TODAY: #Tuberculosis scare forces evacuations at #JohnsHopkins Hospital.*https://t.co/RPu1DaEedc #Health	27	h1913	health	TheDailyLeft	0	[]	0	1	0	[]	0	0	1
/1009017689912692738	@CSIR_CDRI @CSIR_IND *#health #awareness #Program on #Tuberculosis by @ravishni &amp; @Sukant_Khurana on #podcast.. https://t.co/hIRsdXkVO5	25	h1913	health	CSIR_CDRI	0	[]	0	3	1	"[""/1009058307816894465""]"	0	7	4
/1004669211891945472	1/2. Multidrug-resistant tuberculosis (MDR-TB) remains a serious public #health problem. Scarcity of safe, effectiv.. https://t.co/3tVj20YxXC	23	h1913	health	MaximeDesmaris	0	[]	0	2	0	[]	2	0	2
/1036829352657338368	Tuberculosis is a major cause of death for people infected with #HIV. We cannot talk about HIV without talking abou.. https://t.co/EwxxMikIHh	36	h10636	hiv	DrTedros	1	"[""/1037086130162884608""]"	0	80	2	"[""/1037032447819567104"",""/1037048524893024258""]"	0	153	85
/1031535023323787264	#GenderEquality #Empowerment #HIV #Tuberculosis and #Malaria Control: What Kofi Annan Achieved in #Healthcare.. https://t.co/BhhBFT1Hgf	34	h10636	hiv	AnjaNitzscheB	0	[]	0	8	0	[]	0	9	8
/1031065754601488384	Despite being curable, #tuberculosis remains the leading cause of death among people living with #HIV. Find out mor.. https://t.co/yy08GPXdlY	33	h10636	hiv	UNAIDS	1	"[""/1031129646253916160""]"	0	52	1	"[""/1031066113201844224""]"	0	54	55
/1028993322440945665	Access to #HIV consultations, #tuberculosis and #malaria prevention services are now cut off because of the.. https://t.co/A3BHxXrfW9	33	h10636	hiv	genderhealth	0	[]	0	7	0	[]	0	7	7
/1027631599184171008	"""It reminds me of exactly the same policies toward ARVs for #HIV. People died while science danced on the head of t.. https://t.co/bg6KZm5otO"	32	h10636	hiv	AIDS_Free_World	0	[]	0	13	0	[]	0	9	13
/1021379762353319937	#Tuberculosis is the leading killer of people with #HIV / #AIDS, with 1 out of every 3 deaths of a person with HIV/.. https://t.co/aUQxvqu2NT	30	h10636	hiv	GlobalTB	0	[]	0	12	1	"[""/1021407769155469313""]"	0	12	12
/1023161266691563520	#WHD2018 We have published an @EU_Commission Staff Working Document on combatting #HIV/#AIDS, viral #hepatitis and.. https://t.co/tI0DlUUKTf	30	h10636	hiv	EU_Health	0	[]	0	12	0	[]	0	14	13
/1023044847328870400	#Hepatitis is one of the leading causes of death globally; as many as #HIV/ #AIDS #Tuberculosis or #malaria You can.. https://t.co/vF8AIzMqBy	30	h10636	hiv	SolarHospitalIn	0	[]	0	11	0	[]	0	17	11
/1022076897801449474	How can we ensure earlier diagnosis of #HIV, viral #hepatitis, #tuberculosis &amp; #STI for #migrants, the homeless,.. https://t.co/rhnQaOxC9x	30	h10636	hiv	ECDC_HIVAIDS	0	[]	0	10	0	[]	0	10	10
/1022485538010529792	People with TB-HIV co-infections are 15 to 30 times more likely to develop active TB than people without #HIV.. https://t.co/KvaHonHTNI	30	h10636	hiv	ResultsCda	0	[]	0	9	1	"[""/1022693435923357696""]"	0	7	9
/1022037315307360256	Need more investment in removing structural barriers such as #HIV criminalization, new drugs for #tuberculosis *.. https://t.co/F1Fpn9z8il	30	h10636	hiv	saralmdavis	0	[]	0	7	0	[]	0	5	7
/1020371542360973313	Despite being curable, #tuberculosis remains the leading cause of death among people living with #HIV. Find out mor.. https://t.co/onWDXFngj4	29	h10636	hiv	UNAIDS	0	[]	0	55	2	"[""/1020490383934087168"",""/1020419217936535552""]"	0	57	60
/1020326700792664065	#AIDS2018 We have published an @EU_Commission Staff Working Document on combatting #HIV/#AIDS, viral #hepatitis and.. https://t.co/oOda3aJkFS	29	h10636	hiv	EU_Health	0	[]	0	30	0	[]	0	21	30
/1020316516057780227	Rapid urine-based screening for #tuberculosis in #HIV-positive patients admitted to hospital in #Africa (.. https://t.co/etPlNlhO6x	29	h10636	hiv	TheLancet	0	[]	0	19	0	[]	0	38	21
/1020312896981659648	Spit or pee to diagnose #TB? A cheap urine-based test to screen #HIV+ patients for TB could contribute to #EndTB ta.. https://t.co/x7yH8YBGxw	29	h10636	hiv	LSHTM	0	[]	0	15	0	[]	0	15	15
/1006135368087982080	#ICYMI: More people with #HIV will avoid deadly infections such as #tuberculosis after a major price cut in one of.. https://t.co/PZOLr4uSw9	24	h10636	hiv	UNITAID	0	[]	0	7	0	[]	0	5	7
/1005062822127112192	Infections like #tuberculosis &amp; #pneumonia pose the greatest threat to the lives of people with #HIV. A new infecti.. https://t.co/SOBYGWc3Rq	23	h10636	hiv	UNITAID	0	[]	0	8	0	[]	0	8	8
/1003655330570625024	*We must integrate #TB &amp; #HIV, #TB &amp; #diabetes &amp; address comorbidities,* says D Tobaiwa - integrated care &amp; treatme.. https://t.co/rNkBpZMLXj	23	h10636	hiv	priyamvadak	0	[]	0	6	0	[]	0	6	6
/1002822201861603334	*In recent decades, the emergence of #HIV &amp; mutant antibiotic-resistant bacteria have hampered control efforts, slo.. https://t.co/UCmpXYEnoT	22	h10636	hiv	GlobalFund	0	[]	0	22	0	[]	0	7	22
/1001818008279494656	#HIV &amp; #TB co-infected patients require medications like Antiretroviral therapy (ART) &amp; Co-trimoxazole preventive t.. https://t.co/fSy4AWg5MU	22	h10636	hiv	MoHFW_INDIA	0	[]	0	15	0	[]	0	44	17
/1035097497893449728	Big thanks to TB REACH Grantee #PATH #India for their continued support of @StopTB! Here they are urging @PMOIndia.. https://t.co/WuLZK0l5K9	35	h12680	india	StopTB	0	[]	0	5	0	[]	0	6	5
/1032545537550106624	En #India hay 2,79 millones de casos registrados de #tuberculosis: uno de cada cuatro en el mundo v*a.. https://t.co/Kdrydh24Ks	34	h12680	india	FundacionEyA	0	[]	0	4	0	[]	0	3	4
/1029261403453120514	FOTOGALER*A: La #tuberculosis en #India afecta a casi tres millones de personas y es muy complicada de tratar. Sus.. https://t.co/a4FCZHry87	33	h12680	india	Planeta_Futuro	0	[]	0	8	1	"[""/1029350944134316032""]"	0	10	8
/1030470310351589376	Don't miss AIDS-Free World's new short documentary film exploring multi-drug-resistant #tuberculosis in #India and.. https://t.co/d2AxAIOR4G	33	h12680	india	AIDS_Free_World	0	[]	0	4	0	[]	0	3	4
/1027764542695198720	This is what raising social media awareness looked like in 1967:*In #India ** a man on a tricycle informs people ab.. https://t.co/KszyeS4Ql5	32	h12680	india	WHOSEARO	0	[]	0	29	0	[]	0	55	33
/1024767736478621704	Only 1,000 people in #India are on #bedaquiline and #delaminid, while an estimated 147,000 have #MDRTB without acce.. https://t.co/dLR6zrKsJo	31	h12680	india	AIDS_Free_World	0	[]	0	6	0	[]	0	6	8
/1022800523777531904	"NEW: ""Two Countries, Two Choices"" * AIDS-Free World's new documentary film explores the decisions sending #India an.. https://t.co/crXWsqZZ8L"	30	h12680	india	AIDS_Free_World	0	[]	0	18	1	"[""/1027205815256711168""]"	0	8	18
/1023334539509346304	"""The new drugs work... The question is: when are we getting them for everyone else."" Only 1,000 people in #India ar.. https://t.co/hqcgH9Vj5o"	30	h12680	india	AIDS_Free_World	0	[]	0	7	0	[]	0	7	8
/1023169453075427329	In the battle against #MDRTB, #India and #SouthAfrica are both making choices with profound * and in one case devas.. https://t.co/ZPCuf2Au1p	30	h12680	india	AIDS_Free_World	0	[]	0	6	0	[]	0	4	7
/1020037466567454720	"Watch the trailer for AIDS-Free World's new short documentary film, ""Two Countries, Two Choices: #India,.. https://t.co/cKjT37ISDo"	29	h12680	india	AIDS_Free_World	0	[]	0	9	0	[]	0	3	9
/1020311131401879552	Attending #AIDS2018 / #TB2018 and want to learn more about how #India and #SouthAfrica are approaching the struggle.. https://t.co/u4jAy3G68L	29	h12680	india	AIDS_Free_World	0	[]	0	5	0	[]	0	7	5
/1017281289416830976	.@nandita_venky underlined the need for diagnostics to reach every corner of #India. *There are people who tell me.. https://t.co/9pNPbSZV2l	28	h12680	india	cns_health	0	[]	0	9	0	[]	0	10	9
/1015806957993775104	Estas prioridades para terminar la #Tuberculosis en la #India pueden ser aplicadas en nuestros pa*ses de las.. https://t.co/X9h0AmfuWP	27	h12680	india	acTBistas	0	[]	0	6	0	[]	0	6	6
/1011141916564451328	Ending #tuberculosis in #India will in turn pivot the global TB response, saving millions of lives in the years to.. https://t.co/ZYoS81ilS3	26	h12680	india	Vaccinologist	0	[]	0	7	0	[]	0	10	7
/1011822059612073984	Diagnostics on wheels contribute 2 success of #ActiveCaseFinding #Kangra #Himachal #India 2 #endtb story in today's.. https://t.co/EthQ3ghovq	26	h12680	india	drrksood	0	[]	0	5	0	[]	0	6	5
/1008533811179581440	Active case finding to #EndTB  #India. TB Treatment Supervisor Pankaj counseling presumptive TB Patient to give spu.. https://t.co/sFJ4eEjJeU	25	h12680	india	drrksood	0	[]	0	6	2	"[""/1009863561647030272"",""/1008536821435789312""]"	0	10	6
/1010529508548476928	#ActiveCaseFinding #EndTB #Kangra #India counseling of new detected TB patient by Treatment Supervisor Suchi, essen.. https://t.co/bcotaHlg2T	25	h12680	india	drrksood	0	[]	0	6	1	"[""/1011170613828784128""]"	0	15	6
/1009628338707550208	#ActiveCaseFinding #EndTB Accredited Social Health Activist @ Nehranpukhar village, #Kangra #Himachal #India counse.. https://t.co/RKxJLhPlzy	25	h12680	india	drrksood	0	[]	0	5	0	[]	0	8	5
/1009286150408716289	#EndTB #ActiveCaseFinding #Kangra #Himachal teams braving the hot #India summer and visiting house to house, slum n.. https://t.co/kbYMByt7Dw	25	h12680	india	drrksood	0	[]	0	5	1	"[""/1009307113309556737""]"	0	10	5
/1010932538678730752	#ActiveCaseFinding to #endTB @ Palampur #Kangra #Himachal #India, visit by @drrksood TB staff Suresh operates CBNAA.. https://t.co/IYJsqcYpTs	25	h12680	india	drrksood	0	[]	0	4	0	[]	0	4	5
/1032243489134673920	* #INNOVATION ALERT *: @STATNews highlights new video technology that has the potential to transform how we monitor.. https://t.co/iVioRWladv	34	h14987	innovation	IPProgress	0	[]	0	0	0	[]	0	1	0
/1033683476212576256	Progress to #EndTB by 2030 depends on significant #innovation and multisector alliances. @JNJGlobalHealth*s Adrian.. https://t.co/h7ANhsIzRc	34	h14987	innovation	IFPMA	0	[]	0	0	0	[]	0	1	0
/1021332603679387648	Shoutout to #innovators, users &amp; enablers in this space, what are your thoughts on this? Can you help #EndTB? Share.. https://t.co/UFxdkxbbwm	30	h14987	innovation	learning4impact	0	[]	0	7	0	[]	0	7	6
/1018815034422677505	Pleased to welcome a new #innovation! @PIH Lesotho #MentalHealth Integration Program - Mental health integration in.. https://t.co/sd90Y1ul44	29	h14987	innovation	MHInnovation	0	[]	0	4	0	[]	0	7	4
/1017289537888968704	.@iamvikassheel Joint Secretary @MoHFW_INDIA said all #innovation should be based on needs of #TB patients,.. https://t.co/IGdBmTd63G	28	h14987	innovation	cns_health	0	[]	0	9	0	[]	0	12	9
/1017307930079760384	.@neerajPATH of @PATH_India stressed that when we talk about #innovation we do not limit ourselves to *products* al.. https://t.co/FrVVR0YVd0	28	h14987	innovation	cns_health	0	[]	0	5	0	[]	0	4	5
/1017388124446646272	Pleased to welcome a new #innovation! @PIH Lesotho #MentalHealth Integration Program - Mental health integration in.. https://t.co/YqtdqSCY1d	28	h14987	innovation	MHInnovation	0	[]	0	5	0	[]	0	4	5
/1016187794882846720	**UFJ************* #MURC * #StopTB Partnership ************************************* #******* *********************.. https://t.co/7z8hffGSdO	28	h66575	innovation	StopTB_Japan	0	[]	0	1	0	[]	0	3	1
/1009859407419793409	We believe #innovation is the way forward to #endTB! **#JNJ is convening 60 delegates from around the world in Pari.. https://t.co/DWqfN4Yzhz	25	h14987	innovation	JNJGlobalHealth	0	[]	0	2	0	[]	0	1	2
/1003838139927072768	Greetings on #WorldEnvironmentDay **#ezyspit - World's First Spit Pack. **#innovation for #MyCleanIndia.. https://t.co/gdpIleiyak	23	h14987	innovation	ritumalhotra94	0	[]	0	5	0	[]	0	6	5
/1005023402451664896	** ** ***** *** ** *** ** ***** ***** ***** ** ******#EzySpit #Innovation for #StopSpittingOnRoads**#SwachhBharat.. https://t.co/FPPTwCFevR	23	h14987	innovation	ritumalhotra94	0	[]	0	5	0	[]	0	6	5
/1003641019961937920	#ezyspit #innovation for #MyCleanIndia #SwachhBharat #tbmuktbharat #HealthyIndia #Cancers #Tuberculosis #swineflu.. https://t.co/AfhSWZ6XZn	23	h14987	innovation	ritumalhotra94	0	[]	0	4	0	[]	0	5	4
/1003866932825731073	Greetings on #WorldEnvironmentDay **#ezyspit - World's First Spit Pack. **#innovation for #MyCleanIndia.. https://t.co/uzsrq6SRQU	23	h14987	innovation	ritumalhotra94	0	[]	0	4	0	[]	0	6	4
/1003715405951721472	There hasn*t been a new vaccine for #TB in the past 100 years.*#Innovation is critical to create new vaccines &amp; med.. https://t.co/pkLwmRdXVq	23	h14987	innovation	UN_EWEC	0	[]	0	0	0	[]	0	0	0
/1000982175918055424	#ezyspit - #**** ***** **** #****,#****** **** ****,#****** **** ****. *#innovation for #tbmuktbharat #mycleanindia.. https://t.co/Ljor8cWGN1	22	h14987	innovation	ritumalhotra94	0	[]	0	2	0	[]	0	6	2
/1034124173872963588	#SriLanka is #malaria-free and has a much lower rate of #tuberculosis than other countries in #SouthAsia #SDG3 #DRR.. https://t.co/gTrwgI2Lnu	35	h5783	malaria	unpan	0	[]	0	2	0	[]	0	1	2
/1034518873368866817	#SaveTheDate*Global Fund to Fight #AIDS, #Tuberculosis and #Malaria Replenishment will take place in Lyon, France O.. https://t.co/wPPeVaUFpM	35	h5783	malaria	fabriceferrier	0	[]	0	2	0	[]	0	1	2
/1032549749600215041	September issue now online https://t.co/dl15OwIS68 #UTI #malaria #pneumococcus #meningitis #SSI #Ebola #vivax.. https://t.co/G6tskufI7z	34	h5783	malaria	TheLancetInfDis	0	[]	0	16	0	[]	0	24	17
/1031535023323787264	#GenderEquality #Empowerment #HIV #Tuberculosis and #Malaria Control: What Kofi Annan Achieved in #Healthcare.. https://t.co/BhhBFT1Hgf	34	h5783	malaria	AnjaNitzscheB	0	[]	0	8	0	[]	0	9	8
/1028993322440945665	Access to #HIV consultations, #tuberculosis and #malaria prevention services are now cut off because of the.. https://t.co/A3BHxXrfW9	33	h5783	malaria	genderhealth	0	[]	0	7	0	[]	0	7	7
/1027269490155966464	CareAi is an #AI system also using #blockchain that can apparently diagnose infectious diseases, such as #malaria,.. https://t.co/gahsQzYcfk	32	h5783	malaria	DovetailLab	0	[]	0	1	0	[]	0	2	1
/1022385722463059968	August issue of The Lancet Infectious Diseases now online https://t.co/CqwhtTbou4 #Cdiff #trichuriasis #malaria.. https://t.co/MaZJSTfBep	30	h5783	malaria	Onisillos	0	[]	0	11	0	[]	0	20	12
/1023044847328870400	#Hepatitis is one of the leading causes of death globally; as many as #HIV/ #AIDS #Tuberculosis or #malaria You can.. https://t.co/vF8AIzMqBy	30	h5783	malaria	SolarHospitalIn	0	[]	0	11	0	[]	0	17	11
/1017728442761121793	Help needed - Currently looking into missing summary results for clinical trials of vaccines for #HIV #malaria.. https://t.co/QkO5T4Ufob	28	h5783	malaria	TranspariMED	0	[]	0	2	0	[]	0	1	2
/1015249523441131521	Researcher working in Africa on the discovery of new drug candidates for #malaria, #tuberculosis or other #NTDs? Ta.. https://t.co/wCeCgiBU0y	27	h5783	malaria	MedsforMalaria	0	[]	0	3	0	[]	0	6	3
/1009393216951468033	#DDW de @GSK_ES , su trabajo de investigaci*n se dirige a tres enfermedades concretas: la #malaria, la.. https://t.co/XbeNj2r1lt	25	h5783	malaria	isanidad	0	[]	0	2	0	[]	0	1	2
/1008674844593020928	#DYK #Pollution is responsible for three times as many deaths as #AIDS, #tuberculosis, and #malaria combined and fo.. https://t.co/518QtH02cG	25	h5783	malaria	movingbackfrom	0	[]	0	2	0	[]	0	0	2
/1007299544915197952	A Ugandan inventor has won a major prize for a device which tests for #malaria without drawing blood.**The device d.. https://t.co/fJbeXo6OZ0	24	h5783	malaria	MicrobesInfect	1	"[""/1007656687833092096""]"	0	8	0	[]	0	36	19
/1006464371508334597	Global Fund Partnership Photo Contest https://t.co/8oC0gsYlTH #HIV/AIDS, #tuberculosis and #malaria	24	h5783	malaria	Eunicekkilonzo	0	[]	0	3	0	[]	0	3	3
/1007229940289490944	"*""El #Chagas, la #malaria, el #VIH, la #tuberculosis y las resistencias antimicrobianas son algunos ejemplos de fal.. https://t.co/JFWS1b6JeG"	24	h5783	malaria	ISGLOBALorg	0	[]	0	2	0	[]	0	3	2
/1005845787266428928	Sickle cell Anemia may not be as well-known as, say, #malaria, #tuberculosis or #HIV/AIDS. But every year, hundreds.. https://t.co/G9BHQrkZnu	23	h5783	malaria	AfhiPan	0	[]	0	2	0	[]	0	1	2
/1001444320866721792	Q: What is #SDG Target 3.3? A: *By 2030, end the epidemics of #AIDS, #tuberculosis, #malaria and neglected tropical.. https://t.co/O7Zp2j3XjZ	22	h5783	malaria	GlobalFund	0	[]	0	40	0	[]	0	49	39
/1003260145634365440	Q: What is #SDG Target 3.3? A: *By 2030, end the epidemics of #AIDS, #tuberculosis, #malaria &amp; neglected tropical d.. https://t.co/t5TmaOXy7j	22	h5783	malaria	GlobalFund	0	[]	0	7	0	[]	0	12	8
/1001044190158032898	France to host 6th conference for global fund to fight #AIDS, #tuberculosis and #malaria https://t.co/V4rcUew1xT.. https://t.co/vUiusvRGPw	22	h5783	malaria	sussexbeacon	0	[]	0	2	0	[]	0	2	2
/999905696601681920	June issue now online https://t.co/XeljAzjCw1 featuring #malaria #buruliulcer #polio #cholera #tuberculosis #lassa.. https://t.co/1peQ9tphXm	21	h5783	malaria	TheLancetInfDis	0	[]	0	2	0	[]	0	14	7
/1035033704316338176	https://t.co/dunqbuwzed We need your help! Swati is suffering from #MDRTB and requires an urgent surgery. She needs.. https://t.co/1dNToLnHop	35	h11032	mdrtb	SATB1231	0	[]	0	8	0	[]	0	2	8
/1034850778652008448	United to End #Tuberculosis in Africa: A Continental Response https://t.co/oTOtLbpJcQ #UNHLMTB #EndTB #MDRTB https://t.co/Qp8jgLWPbK	35	h11032	mdrtb	SATBHSS_Project	0	[]	0	5	0	[]	0	4	5
/1032707548032507909	"#SouthAfrica's approach to tackling #MDRTB has become a model for the world, yet challenges abound."" In South Afric.. https://t.co/LBJqHDwLlT"	34	h11032	mdrtb	AIDS_Free_World	0	[]	0	6	0	[]	0	2	6
/1031645557100609536	WHO revises MDR-TB treatment with focus on oral drugs https://t.co/9Nef571YZa #MDRTB #AMR #AntibioticResistance.. https://t.co/7SJ7uRjxdR	34	h11032	mdrtb	CIDRAP	0	[]	0	5	1	"[""/1031652182284619776""]"	0	2	5
/1030463589235216385	Huge news! @who announces key changes to #MDRTB regimens:*-reprioritization of drugs **BDQ, LZD, CFZ **SLID*-fully.. https://t.co/Kcn31u3M2L	33	h11032	mdrtb	ruvandhi	0	[]	0	4	1	"[""/1030538152287629312""]"	0	8	4
/1026936777720963072	"#SouthAfrica's approach to tackling #MDRTB has become a model for the world, yet challenges abound. ""In South Afric.. https://t.co/uL80p2QVeq"	32	h11032	mdrtb	AIDS_Free_World	0	[]	0	5	1	"[""/1027047308179988481""]"	0	4	5
/1024767736478621704	Only 1,000 people in #India are on #bedaquiline and #delaminid, while an estimated 147,000 have #MDRTB without acce.. https://t.co/dLR6zrKsJo	31	h11032	mdrtb	AIDS_Free_World	0	[]	0	6	0	[]	0	6	8
/1025053875441725440	"Many #MDRTB patients, ""don't want to take the treatment because the drugs are not curing them, they're making them.. https://t.co/VXVWEqm9vo"	31	h11032	mdrtb	AIDS_Free_World	0	[]	0	6	0	[]	0	4	6
/1023169453075427329	In the battle against #MDRTB, #India and #SouthAfrica are both making choices with profound * and in one case devas.. https://t.co/ZPCuf2Au1p	30	h11032	mdrtb	AIDS_Free_World	0	[]	0	6	0	[]	0	4	7
/1022074882324979712	Screening our new short documentary on #MDRTB for the first time at the Canada Pavillion at #AIDS2018 #MDRTB.. https://t.co/8EQVBJebR2	30	h11032	mdrtb	AIDS_Free_World	0	[]	0	4	0	[]	0	4	4
/1018778391456165888	Jade Pe*a describing treating a cohort of #MDRTB pts co-infected with #HepC (72% ex prisoners) with great success -.. https://t.co/iPcWmkMQqH	29	h11032	mdrtb	drbhargavirao	0	[]	0	6	0	[]	0	11	6
/1021080976154415104	Tackling the global burden of #MDRTB is a shared responsibility, and one #JNJ takes extremely seriously. We are pro.. https://t.co/QXaI38CP2R	29	h11032	mdrtb	JNJGlobalHealth	0	[]	0	5	0	[]	0	10	5
/1016600442028085248	The @WHO Global Report 2018, estimates India*s #MDRTB burden at 147,000. Hence, this is a critical initiative! But.. https://t.co/VxAADzWFIv	28	h11032	mdrtb	SATB1231	0	[]	0	7	0	[]	0	5	7
/1016252235792158720	TREAT TB has launched a webinar series to strengthen capacity to conduct #MDRTB clinical trials. Join the first web.. https://t.co/Ch3Wq65KrW	28	h11032	mdrtb	TheUnion_TBLH	0	[]	0	5	0	[]	0	10	7
/1010224771601223680	#SouthAfrica's mass roll-out of #bedaquiline including #MDRTB treatment, a historical moment to show access to.. https://t.co/hYnLHlN1OM	25	h11032	mdrtb	DrEricAdam	0	[]	0	7	0	[]	0	5	8
/1003947234533097472	"""#MDRTB is nothing short of a death sentence for thousands of #Indians."" @deepticomesback @ChapalMehra.. https://t.co/SbLV2YsYui"	23	h11032	mdrtb	SATB1231	0	[]	0	8	0	[]	0	9	8
/1003973701258366976	Improving MDR-TB management in #Mozambique #CoE #endTB #MdrTB https://t.co/lApzgACuTY	23	h11032	mdrtb	SATBHSS_Project	0	[]	0	5	0	[]	0	2	5
/1003973069088620544	Championing E-Health system for improved detection of missing #TB cases in #Malawi #tuberculosis #endTB #MdrTB.. https://t.co/CtvcpeSlUd	23	h11032	mdrtb	SATBHSS_Project	0	[]	0	4	0	[]	0	9	4
/1001397972272336896	As of May 2018, there are 101 patients enrolled in our #MDRTB clinical trial.**Find out more:.. https://t.co/zFXuT29uTE	22	h11032	mdrtb	endTB	0	[]	0	7	0	[]	0	8	7
/1001402857130811392	*When I began treatment of #MDRTB, I underwent bouts of depression.  Noone counselled me. I was told to eat the med.. https://t.co/ePqwtCCLZq	22	h11032	mdrtb	SATB1231	0	[]	0	5	0	[]	0	7	5
/1034459866197319682	#Science #Research in #India: #Fighting #Tuberculosis through #Directed #Evolution  https://t.co/zxfP7hCBeI*.*... https://t.co/OAonXFuxO7	35	h2203	research	vitorrindia	0	[]	0	2	0	[]	0	1	3
/1035469758118940673	Wax #Moths Could Replace #Mice for #Tuberculosis #Research**https://t.co/xZduC5X18J #animalresearch #EARA.. https://t.co/aQSQRQchYa	35	h2203	research	The_EARA	0	[]	0	2	0	[]	0	1	2
/1034459677600505856	#Science #Research in #India: #Fighting #Tuberculosis through #Directed #Evolution  https://t.co/TGjLB6ytr8*.*... https://t.co/Ykdm7ojKk8	35	h2203	research	saha_shammi	0	[]	0	1	0	[]	0	0	2
/1034459748702273536	#Science #Research in #India: #Fighting #Tuberculosis through #Directed #Evolution  https://t.co/GjQWcfDMme*.*... https://t.co/MhYeNEoP6v	35	h2203	research	vitorrians	0	[]	0	1	0	[]	0	1	2
/1032636636138545152	Important #publichealth #research findings!**Revisiting the timetable of #tuberculosis**https://t.co/A9k3Mjm2M7 v.. https://t.co/Ko9Q14NtxP	34	h2203	research	AniShakari	0	[]	0	4	0	[]	0	8	4
/1032337780775374848	A multi-cohort study of the immune factors associated with M. #tuberculosis #infection outcomes. #Research**https://t.co/jiqgyZex01	34	h2203	research	sryhary	0	[]	0	0	0	[]	0	0	0
/1031294770730213376	A @BrockUniversity #research team has created a #microscopic #robot that has the potential to identify.. https://t.co/5WzQKytKVY	33	h2203	research	medical_view	0	[]	0	2	0	[]	0	2	2
/1031118677532393472	New approach to fight tuberculosis, a leading cause of death worldwide https://t.co/KMrofIVss2 #Research #Tuberculosis	33	h2203	research	Hayburysearch	0	[]	0	0	0	[]	0	0	0
/1029112312488058880	#tuberculosis #Research *https://t.co/NnhMnoimWj	33	h2203	research	sryhary	0	[]	0	0	0	[]	0	0	0
/1028308850703826944	A @BrockUniversity #research team has created a #microscopic #robot that has the potential to identify.. https://t.co/Pb7gHkSbCX	32	h2203	research	medical_view	0	[]	0	2	0	[]	0	0	2
/1026474840201601024	#tuberculosis #research **https://t.co/P6fejKLNba	32	h2203	research	sryhary	0	[]	0	0	0	[]	0	0	0
/1026532091603968001	#tuberculosis #research**https://t.co/RXaxke2Dbl	32	h2203	research	sryhary	0	[]	0	0	0	[]	0	0	0
/1025672355996000256	New #research sheds light on how #bacteria regulate metabolism -- a finding that could help to combat.. https://t.co/8qj32uqhHM	31	h2203	research	Lucytellus1	0	[]	0	0	0	[]	0	1	0
/1023866550871183360	#Austin #Tuberculosis: #Research &amp; #Treatment is an #open #access, #peer #reviewed, #scholarly #journal #dedicated.. https://t.co/iZqPaX5LS0	31	h2203	research	AustinGroups1	0	[]	0	0	0	[]	0	0	0
/1019309409342590976	Deadly Tuberculosis https://t.co/2PoGqSnV0v via @wordpressdotcom #tuberculosis #genealogy #research	29	h2203	research	jrfindsen	0	[]	0	0	0	[]	0	0	0
/1018424178926604288	If you want to eradicate #tuberculosis, fund #research, says a South African TB expert @Health ZA @Bhekisisa_MG.. https://t.co/OkgLzbScO5	28	h2203	research	mokymakura	0	[]	0	1	0	[]	0	0	1
/1009838388432732160	Unique Gene Signature in the Blood Indicates TB Diagnosis https://t.co/e1p45D5YNX via @LabRoots #tuberculosis #research	25	h2203	research	USMaryAnn	0	[]	0	0	0	[]	0	0	0
/1006096524659646465	MBLA workshop @univofstandrews #tuberculosis #research #Scotland #Vietnam **** https://t.co/EvU6BxHp5r	24	h2203	research	smkd87	0	[]	0	1	0	[]	0	9	1
/1005450250780176387	And the award for best article title goes to.... @paimadhu @mikereidmd #Tuberculosis #science #research.. https://t.co/vjoUOkdWeO	23	h2203	research	lstrnad5	0	[]	0	4	0	[]	0	6	4
/1003724868603600896	There must be community engagement in not only innovative #research &amp; #development but also #policymaking. #endTB #UNHLMTB #EWECisME	23	h2203	research	UN_EWEC	0	[]	0	2	0	[]	0	4	2
/1037264110960959488	Umoya omuhle: a #whole systems approach to #drug-resistant #tuberculosis in #SouthAfrica @naomimstewart @LSHTM.. https://t.co/OM4J2eeAKV	36	h3486	southafrica	LIDC_UK	0	[]	0	3	0	[]	0	4	3
/1032707548032507909	"#SouthAfrica's approach to tackling #MDRTB has become a model for the world, yet challenges abound."" In South Afric.. https://t.co/LBJqHDwLlT"	34	h3486	southafrica	AIDS_Free_World	0	[]	0	6	0	[]	0	2	6
/1026936777720963072	"#SouthAfrica's approach to tackling #MDRTB has become a model for the world, yet challenges abound. ""In South Afric.. https://t.co/uL80p2QVeq"	32	h3486	southafrica	AIDS_Free_World	0	[]	0	5	1	"[""/1027047308179988481""]"	0	4	5
/1025071991622131712	In the battle against #MDRTB, #India and #SouthAfrica are both making choices with profound * and in one case devas.. https://t.co/NNZmRMrlNl	31	h3486	southafrica	AIDS_Free_World	0	[]	0	2	0	[]	0	1	2
/1023932228009701376	Goodman was the first in #SouthAfrica to receive both #Bedaquiline and #Delamanid. He tells his inspiring story in.. https://t.co/l6xxTBFgxq	31	h3486	southafrica	AIDS_Free_World	0	[]	0	2	0	[]	0	3	3
/1023169453075427329	In the battle against #MDRTB, #India and #SouthAfrica are both making choices with profound * and in one case devas.. https://t.co/ZPCuf2Au1p	30	h3486	southafrica	AIDS_Free_World	0	[]	0	6	0	[]	0	4	7
/1022818711709863936	LIVE: #protesters from #SouthAfrica demand affordable treatment for #Tuberculosis #TB at @AIDS_conference #AIDS2018 https://t.co/lHclkvZQgm	30	h3486	southafrica	REACH4Cure	0	[]	0	4	0	[]	0	1	4
/1022869978729652224	#India and #SouthAfrica are among the world's worst affected countries when it comes to drug-resistant.. https://t.co/sXtn4D36qV	30	h3486	southafrica	AIDS_Free_World	0	[]	0	3	0	[]	0	4	4
/1020237067664494593	Sh @JPNadda addressing the 8th BRICS Health Ministers' Meeting at #Durban, #SouthAfrica today: India affirms strong.. https://t.co/sqQilVwqh3	29	h3486	southafrica	MoHFW_INDIA	0	[]	0	33	0	[]	0	124	35
/1020311131401879552	Attending #AIDS2018 / #TB2018 and want to learn more about how #India and #SouthAfrica are approaching the struggle.. https://t.co/u4jAy3G68L	29	h3486	southafrica	AIDS_Free_World	0	[]	0	5	0	[]	0	7	5
/1019607301597155328	#NelsonMandela*s words about #SouthAfrica*s twin epidemics as true today as in 2004 - by @TheUnion_TBLH ExD.. https://t.co/Li7cvACUod	29	h3486	southafrica	AniShakari	0	[]	0	3	0	[]	0	7	4
/1016921825979326464	#Tuberculosis resistente en #sudafrica : #VIH #minas #bedaquilina  https://t.co/u64UFXDkTP via @Planeta_Futuro.. https://t.co/McBcHw1zYI	28	h3486	southafrica	TB_UITB	0	[]	0	8	0	[]	0	7	8
/1017264814266245122	#Sud*frica tiene motivos para pasar a la acci*n. No solo tiene la mayor epidemia de #VIH del mundo, sino que es uno.. https://t.co/SpRVEiOWTe	28	h3486	southafrica	Planeta_Futuro	0	[]	0	7	0	[]	0	5	7
/1016974158381699072	#Sud*frica financiar* una pastilla de *ltima generaci*n para las personas con #tuberculosis #TB que no responden a.. https://t.co/JiUNhWgQJG	28	h3486	southafrica	ISGLOBALorg	0	[]	0	3	0	[]	0	8	4
/1008781796257955842	#SouthAfrica becomes first country to replace injectables with #bedaquiline for #MDR #TB. #tuberculosis.. https://t.co/08fovDo7qD	25	h3486	southafrica	BrendaWaning	0	[]	0	17	0	[]	0	20	18
/1010224771601223680	#SouthAfrica's mass roll-out of #bedaquiline including #MDRTB treatment, a historical moment to show access to.. https://t.co/hYnLHlN1OM	25	h3486	southafrica	DrEricAdam	0	[]	0	7	0	[]	0	5	8
/1009016808773488640	#SouthAfrica department of health yesterday became the first in the world to announce the roll out of a new and muc.. https://t.co/X3yhzkK33R	25	h3486	southafrica	PlatformAfrika	0	[]	0	4	0	[]	0	2	4
/1008657823734038528	#SouthAfrica is the world's largest test ground  for drugs against drug-resistant #Tuberculosis. Each year new drug.. https://t.co/Vi3psIY1u4	25	h3486	southafrica	AdrianaStuijt	0	[]	0	2	0	[]	0	2	2
/1006461028547416064	This is why #SouthAfrica TB work is amazing - analyze data - check evidence - learn from it - go for policy changes.. https://t.co/4ycwhXW8YG	24	h3486	southafrica	LucicaDitiu	0	[]	0	11	0	[]	0	17	11
/1006810828195139584	#TB is the lead cause of death in #SouthAfrica. We are working with partners to raise awareness &amp; #endTB. Learn mor.. https://t.co/WbjVY16Gx7	24	h3486	southafrica	JNJAfrica	0	[]	0	2	0	[]	0	1	2
/1036290208952664064	Three in five people starting HIV #treatment are not screened, tested or treated for #tuberculosis, the biggest kil.. https://t.co/St19RqnTnY	35	h10393	tb	UNAIDS	2	"[""/1036644761749221376"",""/1036414729995079681""]"	0	103	1	"[""/1036890781829685248""]"	0	84	94
/1035837259176660995	Better and shorter new drug regimens have been introduced for #TB patients which are now being administered across.. https://t.co/0rlZDff5qK	35	h10393	tb	MoHFW_INDIA	0	[]	0	83	0	[]	0	205	91
/1033916366355488769	#Tuberculosis is spread from person to person by sneezing or coughing and almost always affects the lungs.**#EndTB https://t.co/3QL3FO6lOV	35	h10393	tb	WHOSEARO	0	[]	1	62	0	[]	0	49	54
/1030797066182844417	New WHO guidance recommends expanding access to multidrug-resistant #tuberculosis treatment. It will result in majo.. https://t.co/diw4mbLge1	33	h10393	tb	WHO	1	"[""/1032167298360958976""]"	0	344	3	"[""/1031077713866420224"",""/1031019707619454976"",""/1031068836345180160""]"	1	521	380
/1030444502098567169	This is great! @WHO announces key changes to treatment of multidrug- and rifampicin-resistant #tuberculosis.. https://t.co/AqZEgv5VM8	33	h10393	tb	paimadhu	1	"[""/1032297530996875265""]"	0	87	0	[]	1	136	96
/1028287523129319424	For treatment of adults with latent #tuberculosis infection, 4 months of rifampin is non-inferior to 9 months of is.. https://t.co/6diEK7fnOM	32	h10393	tb	NEJM	0	[]	0	131	0	[]	0	219	160
/1027103879853432832	.@poojadadwal21, who starred in #SalmanKhan*s #Veergati, has recovered from #Tuberculosis. She has now headed home.. https://t.co/FFUcJPt1CN	32	h10393	tb	Spotboye	0	[]	0	91	0	[]	0	314	125
/1024768006214303744	For treatment of adults with latent #tuberculosis infection, 4 months of rifampin is non-inferior to 9 months of is.. https://t.co/OuwRGCSzO4	31	h10393	tb	NEJM	8	"[""/1024786694690598912"",""/1025347921796063233"",""/1025094075383463938"",""/1024858452869492736"",""/1024836766434512896"",""/1024793570459492353"",""/1024769483833929728"",""/1024768897990447104""]"	0	321	3	"[""/1025034985273794561"",""/1024773302303084544"",""/1024863958291951622""]"	1	338	337
/1023853077076619266	The first ever United Nations High Level Meeting on #tuberculosis will take place on 26 September, 2018. Now is the.. https://t.co/r7MgWPhuxV	31	h10393	tb	StopTB	2	"[""/1023875348658876416"",""/1023863242987393024""]"	0	120	5	"[""/1024541527123656705"",""/1024129316605624320"",""/1023934908148998146"",""/1023908894320541700"",""/1023864474426646528""]"	0	110	107
/1024048004553220097	#30jul Suspendido el tratamiento para los enfermos de #tuberculosis que acuden al ambulatorio de  Santa Cruz de.. https://t.co/TRKGeGKVbQ	31	h10393	tb	churuguara	0	[]	4	114	0	[]	1	15	91
/1018774622517460992	Did you know that despite being curable and preventable #tuberculosis is one of the top 10 causes of death worldwid.. https://t.co/IQSF1qKA0u	29	h10393	tb	WHOSEARO	0	[]	1	105	0	[]	1	146	100
/1018792883418226688	The first ever United Nations High Level Meeting on #tuberculosis will take place on 26 September, 2018. Now is the.. https://t.co/h4KbJ6U61g	29	h10393	tb	StopTB	1	"[""/1018905404057833479""]"	0	70	0	[]	0	81	72
/1016602837357355011	In 2017, over 300,000 #tuberculosis cases were undetected in Nigeria. If you are coughing for 2 weeks or more, plea.. https://t.co/CN7PwfaLaA	28	h10393	tb	WHONigeria	1	"[""/1016611954150989824""]"	0	91	0	[]	0	115	116
/1016185328535654400	Incentive scheme for nutritional support to #Tuberculosis patients called *Nikshay Poshan Yojana* is now being carr.. https://t.co/VzzRsrFJwa	28	h10393	tb	MoHFW_INDIA	0	[]	0	62	0	[]	0	134	67
/1008936673214951424	Our (@ravishni &amp; I) outreach #podcasts on #tuberculosis covered by @Dainik_Jagaran. We discuss #endTB mission of ho.. https://t.co/fRsDmMffUe	25	h10393	tb	Sukant_Khurana	0	[]	0	597	0	[]	0	601	2791
/1008729746094600197	BREAKING: @HealthZA announced it will offer people living with drug-resistant #TB a new oral drug called bedaquilin.. https://t.co/erlKNRVTJ7	25	h10393	tb	msf_tb	1	"[""/1008815288513638400""]"	0	73	3	"[""/1008950162759266305"",""/1008739987280617473"",""/1008731662627278851""]"	0	80	75
/1008362445914693637	In his wonderful book 'Factfulness', Hans Rosling, whose mother had #tuberculosis, says TB is mostly a disease that.. https://t.co/AX4sJB3K4Z	24	h10393	tb	paimadhu	0	[]	0	106	0	[]	0	163	110
/1007792219909222400	In India, clever interventions to combat #tuberculosis by engaging private health providers could bring a return of.. https://t.co/3hS2tJ0Fik	24	h10393	tb	paimadhu	1	"[""/1007864659070914560""]"	0	76	0	[]	0	45	47
/1008280590653648897	#MoHFW introduced a scheme for incentives for nutritional support to #TB patients called *Nikshay Poshan Yojana*. T.. https://t.co/XspN6BPUKA	24	h10393	tb	MoHFW_INDIA	0	[]	0	62	0	[]	0	121	65
/1004978219374690305	#Tuberculosis (TB) is curable and preventable but TB is still one of the top 10 causes of death in the world. **Kno.. https://t.co/uBYgQhfR6E	23	h10393	tb	WHOWPRO	0	[]	2	123	1	"[""/1005135128031571968""]"	0	160	149
/1036535739679485958	RT via @UNAIDS : Three in five people starting HIV #treatment are not screened, tested or treated for #tuberculosis.. https://t.co/7MGEbpN9fB	36	h10374	treatment	HumanaHPP	0	[]	0	3	0	[]	0	4	3
/1037032799138734086	@UNAIDS: Three in five people starting HIV #treatment are not screened, tested or treated for #tuberculosis, the bi.. https://t.co/JIu7FBqRXy	36	h10374	treatment	ftanser	0	[]	0	1	0	[]	0	0	1
/1036290208952664064	Three in five people starting HIV #treatment are not screened, tested or treated for #tuberculosis, the biggest kil.. https://t.co/St19RqnTnY	35	h10374	treatment	UNAIDS	1	"[""/1036414729995079681""]"	0	100	2	"[""/1036890781829685248"",""/1036644761749221376""]"	0	84	94
/1034363623789883393	HDFx A #Novel #Biologic #Immunomodulator for #Potential #Control and #Treatment of NK Cell and #Macrophage.. https://t.co/wY7VQEiGS9	35	h10374	treatment	clinical124	0	[]	0	0	0	[]	0	0	0
/1036295018334564353	Three in five people starting HIV #treatment are not screened, tested or treated for #tuberculosis, the biggest kil.. https://t.co/VG7pW3J6aZ	35	h10374	treatment	LaParadaUSA	0	[]	0	0	0	[]	0	0	0
/1031429386799669249	Three in five people starting HIV #treatment are not screened, tested or treated for #tuberculosis, the biggest kil.. https://t.co/AEy7uihhj5	34	h10374	treatment	UNAIDS	0	[]	0	27	0	[]	0	23	27
/1030310540411777024	#HDFx A Novel #Biologic #Immunomodulator for #Potential #Control and #Treatment of NK #Cell and #Macrophage.. https://t.co/CXx0Da6rjh	33	h10374	treatment	clinical124	0	[]	0	0	0	[]	0	0	0
/1025346851715928064	#Clinicaltrial data has proved a novel, short #therapy more effective and safe for the #treatment of latent.. https://t.co/LKrtpupovc	31	h10374	treatment	IDHubFSG	0	[]	0	4	0	[]	0	3	4
/1024989274062520321	*It*s very gratifying*: Pair of #studies raise hopes for #safer #treatment of latent #tuberculosis by.. https://t.co/M7UePSWmGC	31	h10374	treatment	charlesweijer	0	[]	0	2	0	[]	1	2	2
/1023866550871183360	#Austin #Tuberculosis: #Research &amp; #Treatment is an #open #access, #peer #reviewed, #scholarly #journal #dedicated.. https://t.co/iZqPaX5LS0	31	h10374	treatment	AustinGroups1	0	[]	0	0	0	[]	0	0	0
/1025807183106191360	#tuberculosis #treatment **https://t.co/hzBz96VahY	31	h10374	treatment	sryhary	0	[]	0	0	0	[]	0	0	0
/1024778062523707392	Among #Children, #treatment of latent #tuberculosis #infection with rifampin (4 months) had similar #safety and eff.. https://t.co/CzrIhSceTw	31	h10374	treatment	DiazQuijanoFA	0	[]	0	0	0	[]	0	1	0
/1022642095151108097	Interesantes reflexiones #AIDS2018 #Miles2Go #HazteLaPrueba #Tratamiento #TARV #UsaElCond*n #SexoSeguro #Prevenci*n.. https://t.co/wq3HxzZRxG	30	h10374	treatment	StopVIH	0	[]	0	4	0	[]	0	4	5
/1022372193378791429	From our #pharma portfolio: Anti #tuberculosis #drug - PPI-benzimidazole analogues for the #treatment of multidrug-.. https://t.co/qt533tY2Yl	30	h10374	treatment	PROvendis	0	[]	0	0	0	[]	0	0	0
/1020903797248446465	Three in five people starting HIV #treatment are not screened, tested or treated for #tuberculosis, the biggest kil.. https://t.co/z8GeyaSbIf	29	h10374	treatment	UNAIDS	0	[]	0	43	0	[]	0	46	46
/1020905942366355456	According to @UNAIDS, three in five people starting HIV #treatment are not screened, tested or treated for.. https://t.co/VhIrNNA59K	29	h10374	treatment	YANSriLanka	0	[]	0	0	0	[]	0	0	0
/1007669067908444160	Targeted identification and #treatment of people with latent #tuberculosis #infection (LTBI) are key components of.. https://t.co/nJ0rAgiqbV	24	h10374	treatment	JPHMPDirect	0	[]	0	0	0	[]	0	0	0
/1004568311018000385	@KeystoneSymp will be having a conference on #Tuberculosis: #Mechanisms, #Pathogenesis and #Treatment. Global Healt.. https://t.co/iRnBNGBoy3	23	h10374	treatment	Immunopaedia	0	[]	0	0	0	[]	0	0	0
/1004808135209517058	#Ent*rate | Ofrecen #tratamiento inmediato a pacientes de #tuberculosis*Toda la informaci*n con @DINORAH_MNCOL a la.. https://t.co/6ykj2vxUF7	23	h10374	treatment	MeganoticiasCo	0	[]	0	0	0	[]	0	0	0
/1005439977029808128	#Mycobacterium #Tuberculosis #Bacteria And It*s #Treatment*https://t.co/3qZgrYlzj7 https://t.co/3rziWNcJjl	23	h10374	treatment	Stunning_List	0	[]	0	0	0	[]	0	0	0
/1035805847945920513	ACT NOW! 26 days to go till 26 September! Together let*s secure Heads of State participation at the #UNHLMTB to.. https://t.co/jGObtRy9Yg	35	h10533	unhlmtb	StopTB	0	[]	0	28	0	[]	1	26	29
/1035793137099108353	3 Canadians requesting that @JustinTrudeau attend the #UNHLMTB and help #EndTB. TB among Inuit in Canada &gt; 290 time.. https://t.co/PlftyqxwfX	35	h10533	unhlmtb	tb_pai	0	[]	0	11	0	[]	0	35	12
/1032173006590816256	#UNHLMTB - we have 2 more countries to add- Macedonia and Republic of Moldova -that makes 45 HoSG ready to commit t.. https://t.co/hWexIRcdtY	34	h10533	unhlmtb	LucicaDitiu	0	[]	0	25	0	[]	1	32	25
/1032688989285896193	The first ever UN High-Level Meeting on TB (#UNHLMTB) is just one month away! Join #JNJ, @StopTB, @WEF &amp;.. https://t.co/dVqTq6Vq0A	34	h10533	unhlmtb	JNJGlobalHealth	0	[]	0	24	0	[]	0	31	25
/1032568119720587264	27% of the 10.4 Million people with TB are grateful to their 46 HoS/G who will  attend the #UNHLMTB on Sept 26. The.. https://t.co/4SLFo1ndBo	34	h10533	unhlmtb	StopTB	0	[]	0	21	0	[]	0	22	21
/1025303219168260097	British University &amp; Medical Leaders Call on PM to attend #UNHLMTB. Academia has spoken, have you?.. https://t.co/ZUNgu5Nq5U	31	h10533	unhlmtb	StopTB	0	[]	0	12	0	[]	0	15	12
/1019888995159953410	Haven't seen our dedicated #UNHLMTB page yet? What are you waiting for?! Click now: https://t.co/zH3lczlBC6 &amp; learn.. https://t.co/rb1ABxysm8	29	h10533	unhlmtb	StopTB	0	[]	0	12	0	[]	0	14	12
/1008995631359115265	Since Neil Armstrong walked on the moon, we have only seen two new #tuberculosis medicines!! #UNHLMTB #EndTB.. https://t.co/lCmW6Rua5f	25	h10533	unhlmtb	StopTB	0	[]	0	14	0	[]	0	9	14
/1009944975998619650	Team @tb_pai @McGill_TB @mcgillu hopes PM @JustinTrudeau will participate in the #UNHLMTB and show Canada's commitm.. https://t.co/MYcTqlXSbz	25	h10533	unhlmtb	paimadhu	0	[]	0	12	0	[]	0	20	13
/1009905893113303040	Key asks for the #UNHLMTB ! @JustinTrudeau we need you to show face!!! #EndTB @ResultsCda https://t.co/y5xAqXOIco	25	h10533	unhlmtb	emilylmaclean	0	[]	0	11	0	[]	0	9	11
/1009782870292992000	First time ever, world &amp; country leaders will come together to discuss #tuberculosis at the #UNHLMTB. President Xi.. https://t.co/D621qHEObE	25	h10533	unhlmtb	LucicaDitiu	0	[]	0	11	0	[]	0	17	12
/1009064331177324545	First time ever, world &amp; country leaders will come together to discuss #tuberculosis at the #UNHLMTB. Prime Ministe.. https://t.co/cyapmP1GGd	25	h10533	unhlmtb	StopTB	0	[]	0	11	0	[]	0	17	13
/1003634093664489473	Reminder of the Key Asks just before we kickstart the Interactive Civil Society Hearing at @UN #UNHLMTB #EndTB.. https://t.co/fp3sUzfWAh	23	h10533	unhlmtb	G_C_T_A	1	"[""/1003637565885501440""]"	0	14	0	[]	0	21	13
/1003717343900553216	.@JoanneLiu_MSF reminds #UNHLMTB audience of rights countries have to import and produce generic drugs reaffirmed i.. https://t.co/Mp6n4iqnMK	23	h10533	unhlmtb	yankeeu	0	[]	0	14	0	[]	0	7	14
/1003731612406775810	Innovation without access to medicines is a mockery to people affected by TB - Dr. Joanne Liu @MSF_access #UNHLMTB #EndTB	23	h10533	unhlmtb	StopTB	0	[]	0	13	0	[]	0	11	15
/1004418083547688961	Experts: More political attention, research solutions needed for TB. https://t.co/HgYdhZSRSz via @devex #tuberculosis #AMR #UNHLMTB	23	h10533	unhlmtb	TBAlliance	0	[]	0	11	0	[]	0	10	11
/1003733477752233985	Insightful &amp; impactful intervention by @paimadhu at civil society hearing #UNHLMTB *We need patient-led/ patient-ce.. https://t.co/nmF2pZ9Egm	23	h10533	unhlmtb	HMonica_Dias	0	[]	0	10	0	[]	0	10	10
/1002569228573167616	Affected communities &amp; civil society have a critical role to play in ensuring the #UNHLMTB process is inclusive, am.. https://t.co/03kJH3sz1V	22	h10533	unhlmtb	StopTB	0	[]	0	13	1	"[""/1002653115743694848""]"	0	14	13
/1001479398623768577	Check out the Advocacy and Communications Toolkit for the CS hearing and the #UNHLMTB.   Join us and #EndTB.. https://t.co/PMhqejYxKG	22	h10533	unhlmtb	UnjelaKaleem	0	[]	0	12	0	[]	0	14	12
/1002508646805311488	Where can you watch the webcast of the Monday #UNHLMTB UN Civil Society Hearing on #tuberculosis?.. https://t.co/DkwTkmay20	22	h10533	unhlmtb	paimadhu	0	[]	0	10	0	[]	0	12	11
/1037504152098820096	.@Duke Study Says #BigPharma *Unlikely To Yield Highly Effective #Vaccines* For Major #Diseases. #PublicHealth.. https://t.co/cXM8n77Lb2	36	h4418	vaccine	avoiceforchoice	0	[]	0	1	0	[]	0	1	1
/1037339569362886656	A #Tuberculosis #Vaccine containing an immunity-potentiating agent stimulated strong immune responses in a first-in.. https://t.co/JPFnjCCu9p	36	h4418	vaccine	Nature_NPJ	0	[]	0	1	0	[]	0	0	1
/1034548163040960514	NEWS SCAN: #MERS #vaccine partnership; Molecular #TB testing ; #H5N1 #avianflu in Malaysia https://t.co/ezO3OXETJV.. https://t.co/twXAkDCk1N	35	h4418	vaccine	CIDRAP	0	[]	0	0	0	[]	0	0	0
/1023831147455963137	@csir_iicb researchers find  scope for developing a new #vaccine against #tuberculosis through biological route.. https://t.co/V5tjOY5j8M	31	h4418	vaccine	indianscinews	0	[]	0	7	0	[]	0	8	7
/1025334227510996992	BCG #vaccine found to strongly improve HbA1c in type 1 #diabetes https://t.co/I98WTlK60W*#tuberculosis	31	h4418	vaccine	ATTDconf	0	[]	0	4	0	[]	0	7	6
/1022757036612673536	A new #vaccine against #tuberculosis via biological route may soon be a reality*@csir_iicb @bose_institute.. https://t.co/0lKTVKe8Yq	30	h4418	vaccine	indianscinews	0	[]	0	4	0	[]	0	2	4
/1022718984817467392	BIO-RESEARCH: A new #vaccine against #Tuberculosis via biological route may soon be a reality, with scientists at.. https://t.co/jiHUpioOHK	30	h4418	vaccine	BiovoiceNews	0	[]	0	4	0	[]	0	6	6
/1022749686925471744	Scientists help pave the way for a #vaccine against #tuberculosis *@csir_iicb @bose_institute @serbonline @IndiaDST.. https://t.co/uv9rWVMq9r	30	h4418	vaccine	indianscinews	0	[]	0	2	0	[]	0	3	4
/1022782813530214400	A central assumption of the WHO's #EndTB strategy is a new #vaccine against #TB halting the spread of drug-sensitiv.. https://t.co/7Ou53N8kjy	30	h4418	vaccine	tribalnevin	0	[]	0	1	0	[]	0	1	1
/1022144694598488065	To be prepared to #outsmartepidemics, we need #vaccines, treatments, &amp; other tools. But right now the #GlobalHealth.. https://t.co/2kvgUDBX32	30	h4418	vaccine	GHTCoalition	0	[]	0	0	1	"[""/1022479616437571585""]"	0	0	4
/1018675940661055490	Hope for new revaccination stategies with BCG against Tuberculosis. #SATVI #immunology #Tuberculosis #vaccine #BCG https://t.co/5yLFIFKHx7	29	h4418	vaccine	Immunology_UCT	0	[]	0	2	0	[]	0	4	2
/1018759977278713856	Get more news on #Tuberculosis and its #Vaccines*at https://t.co/VTtjLG9b06**A new #vaccine for #tuberculosis in.. https://t.co/zV0fdjQVtm	29	h4418	vaccine	Molecular2017	0	[]	0	0	0	[]	0	0	0
/1017068630939525120	Our July issue with a Focus on Vaccines is now live. Learn where we stand on progress in #vaccines for.. https://t.co/B7rrQTF7Ct	28	h4418	vaccine	cellhostmicrobe	0	[]	0	2	0	[]	0	5	2
/1017390671764877312	Novel #tuberculosis #vaccine doesn*t affect primary outcome but did reduce sustained IGRA conversions. That*s a pre.. https://t.co/uCn6a5S2wc	28	h4418	vaccine	TimLaheyMD	0	[]	0	1	0	[]	0	1	1
/1011107190738804736	Type-1 diabetes can be controlled with help from this TB vaccine. #type1diabetes #tuberculosis #Vaccine.. https://t.co/cQVfkAlrHu	26	h4418	vaccine	htlifeandstyle	0	[]	0	3	0	[]	0	9	3
/1011929290412154882	#diabetes #endocrinology #menopause #conferences #allied_meetings #Paris*#Tuberculosis #vaccine could reverse type.. https://t.co/aFcYde7Rys	26	h4418	vaccine	ChristieAmelia5	0	[]	0	0	0	[]	0	0	0
/1009918926497738759	This #IDBreak includes #salmonella smacks and pre-cut melon, #tuberculosis genetic signature, #vaccine research,.. https://t.co/Q2zaiqqefM	25	h4418	vaccine	medpagetoday	0	[]	0	1	0	[]	0	0	1
/1010066611716358145	BCG (#tuberculosis) #vaccine can reverse Type 1 #diabetes to almost undetectable levels, eight-year study shows' |.. https://t.co/HPkRZqbMqi	25	h4418	vaccine	bioamara	0	[]	0	1	0	[]	0	6	1
/1006248204080484352	#Abstract: The influence of #BCG on vaccine responses * a systematic review | Expert Review of #Vaccines.. https://t.co/6porOrZESy	24	h4418	vaccine	postpolionews	0	[]	0	1	0	[]	0	0	1
/998704151763668992	What will it take to finally defeat #tuberculosis? New #drugs #diagnostics #vaccines! Issues causing dormant TB to.. https://t.co/dnX8f6l9Z9	21	h4418	vaccine	Vaccinologist	0	[]	0	6	0	[]	0	102	8
/1034399207761883136	#VIH: Los que admiten que no hacen lo suficiente. El debate sobre la #salud y la #educaci*n de las ni*as en el marc.. https://t.co/rOeaLaET0u	35	h6170	vih	CAEXTREMADURA	0	[]	0	3	0	[]	0	5	3
/1032677985793597442	1895 personas con #Diabetes y 1418 con #VIH sufrieron #Tuberculosis en Per* el 2017,ambas poblaciones vulnerables a.. https://t.co/0EiXMyBxup	34	h6170	vih	CarlosRoj_TBVIH	0	[]	0	3	0	[]	0	0	3
/1032349788342288384	1895 personas con #Diabetes y 1418 con #VIH sufrieron #Tuberculosis en Per* el 2017,ambas poblaciones vulnerables a.. https://t.co/0cCJmRPww5	34	h6170	vih	CarlosRoj_TBVIH	0	[]	0	3	0	[]	0	3	3
/1027137365733715968	El #VIH es una palabra prohibida. Cuando los vecinos preguntan a Lakshmi porqu* su familia va tanto al m*dico, la r.. https://t.co/EheOYCUjxV	32	h6170	vih	FVICENTEFERRER	0	[]	0	7	0	[]	0	9	8
/1021410451182292992	Hoy en #SaludTigre hablamos de #VIH y del Test R*pido disponible en todos los Centros de Salud, Adem*s, la Dra. Mar.. https://t.co/LUq4YJ61ip	30	h6170	vih	vazquezmontoto	0	[]	0	13	0	[]	0	21	14
/1023138492954632192	La CE fija los objetivos para luchar contra el #VIH #hepatitis y #tuberculosis https://t.co/Ay7VUGN1T1 https://t.co/kpaUKyQvck	30	h6170	vih	CofanoCoop	0	[]	0	3	0	[]	0	2	3
/1019285489558450176	#Sab*asQue La #tuberculosis afecta de manera particular a las personas con #VIH, ya que aumenta en 30 veces el ries.. https://t.co/9oeRsQxxY9	29	h6170	vih	direcciondesida	0	[]	0	4	0	[]	0	2	5
/1020303820935573504	"""Dato mata relato"", estamos monitoreando la cantidad de casos de #S*filis, #VIH, #Tuberculosis y.. https://t.co/EZVqxbGlkb"	29	h6170	vih	BouhidBacha	0	[]	0	3	0	[]	0	6	3
/1016921825979326464	#Tuberculosis resistente en #sudafrica : #VIH #minas #bedaquilina  https://t.co/u64UFXDkTP via @Planeta_Futuro.. https://t.co/McBcHw1zYI	28	h6170	vih	TB_UITB	0	[]	0	8	0	[]	0	7	8
/1017264814266245122	#Sud*frica tiene motivos para pasar a la acci*n. No solo tiene la mayor epidemia de #VIH del mundo, sino que es uno.. https://t.co/SpRVEiOWTe	28	h6170	vih	Planeta_Futuro	0	[]	0	7	0	[]	0	5	7
/1013928938639380481	La infecci*n por #VIH y la #Tuberculosis se encuentran relacionadas, de tal forma que muchas veces se habla de una.. https://t.co/cFP4ZulIRL	27	h6170	vih	censida	0	[]	0	2	0	[]	0	37	36
/1006187468578742272	Comienza el panel sobre la revisi*n de compromisos para ampliar las respuestas nacionales al #VIH SIDA y la.. https://t.co/KR7E5gareu	24	h6170	vih	UNFPAMexico	0	[]	0	4	0	[]	0	6	4
/1006191878646071296	Pensar en respuestas a las co-epidemias de #VIH y #Tuberculosis, sin pensar en el rol que han jugado las organizaci.. https://t.co/ItJSCHnjlP	24	h6170	vih	UNFPAMexico	0	[]	0	3	0	[]	0	6	4
/1007229940289490944	"*""El #Chagas, la #malaria, el #VIH, la #tuberculosis y las resistencias antimicrobianas son algunos ejemplos de fal.. https://t.co/JFWS1b6JeG"	24	h6170	vih	ISGLOBALorg	0	[]	0	2	0	[]	0	3	2
/1005545081426927616	La #tuberculosis afecta de manera particular a las personas con #VIH, ya que aumenta en 30 veces el riesgo de desarrollar la enfermedad.	23	h6170	vih	direcciondesida	0	[]	0	3	0	[]	0	2	3
/1004845471549009920	La #tuberculosis es la principal causa de muerte en las personas #VIH-positivas, es mortal si no se detecta tempran.. https://t.co/SUlTeu6ca7	23	h6170	vih	EstarBienMujer	0	[]	0	2	0	[]	0	0	3
/1001125373088862209	#ProyectoCDCHUCV Detecci*n de #Mycobacterium #tuberculosis en lesiones de la cavidad bucal de #pacientes #VIH+ y VI.. https://t.co/34Z221V57c	22	h6170	vih	saberucv	0	[]	0	10	0	[]	0	5	10
/1000124032417755138	[4/9] Las personas con #VIH que presentan otras complicaciones de salud, est*n en riesgo porque en #Venezuela NO HA.. https://t.co/TYFyJflcJw	21	h6170	vih	StopVIH	0	[]	0	4	0	[]	0	16	35
/1000302041703559168	Por segundo a*o consecutivo UEIN #Chuf en #22CongresoSEIMC, Bilbao*-Dos comunicaciones orales #PROA #VIH.* -P*ster.. https://t.co/fRbECgd4lF	21	h6170	vih	nvalpar	0	[]	0	3	0	[]	0	5	4
/1000542570739625985	Es la unica forma de eliminar la #tuberculosis y el #VIH en #Panam*. @ReyinaRK @mcdpanama @MINSA_Panama.. https://t.co/SxeZGTfrrZ	21	h6170	vih	amadorgj	0	[]	0	2	0	[]	0	10	8
