"tid"	"text"	"week"	"uid"	"label"	"screen_name"	"quoA"	"quoAtid"	"repA"	"retB"	"quoB"	"quoBtid"	"repB"	"favorite_count"	"retweet_count"
"/1023931477011124225"	"#AIDS2018 showed us both how far we have come to #EndAIDS and what is needed to accelerate progress, learn from our.. https://t.co/TEc4oBNw2R"	"31"	"h29249"	"aids2018"	"PEPFAR"	"0"	"[]"	"0"	"0"	"1"	"[""/1023939273085595650""]"	"0"	"18"	"18"
"/1021755285369708544"	"Commissioner @V_Andriukaitis is attending #AIDS2018 conference in #Amsterdam**Read his speech **.. https://t.co/jPN9GfZLoh"	"30"	"h29249"	"aids2018"	"EU_Health"	"0"	"[]"	"0"	"9"	"0"	"[]"	"0"	"23"	"9"
"/1022805033535111168"	"Bill Clinton reminds us today of the tremendous vulnerability of children to #tuberculosis *@StopTB* #AIDS2018 https://t.co/EkyJamO3WH"	"30"	"h29249"	"aids2018"	"inchbyinch_rbr"	"0"	"[]"	"0"	"12"	"0"	"[]"	"0"	"20"	"11"
"/1022804249691004928"	"We couldn't agree more! @BillClinton inspires #AIDS2018 to keep collaborating, partnering, and taking action to.. https://t.co/O0tfA3jMrV"	"30"	"h29249"	"aids2018"	"JNJGlobalHealth"	"0"	"[]"	"0"	"6"	"0"	"[]"	"0"	"15"	"6"
"/1021397723998752769"	"#AIDS2018 conference started today! **Visit @EU_Commission stand (204) &amp; attend our events promoting #EUfunded proj.. https://t.co/bqN5vnEzDl"	"30"	"h29249"	"aids2018"	"EU_Health"	"0"	"[]"	"0"	"11"	"0"	"[]"	"0"	"12"	"11"
"/1022469082069655553"	"#AIDS2018: @PeterASands says the most important thing we can do right now is to get heads of state to the High-Leve.. https://t.co/ETJEFHtfmh"	"30"	"h29249"	"aids2018"	"ACTION_tweets"	"0"	"[]"	"0"	"8"	"0"	"[]"	"0"	"9"	"8"
"/1021556452371001344"	"At this week*s #AIDS2018 Conference, they*re talking about the importance of community mobilization, community enga.. https://t.co/VmqyutAmvQ"	"30"	"h29249"	"aids2018"	"Melquiades476"	"0"	"[]"	"1"	"3"	"0"	"[]"	"0"	"9"	"3"
"/1021479725229846528"	"If you're attending #AIDS2018, don't miss this screening of @LuckySpecials at 18:30 tomorrow (Tuesday Jul 24), pres.. https://t.co/4FxHya274i"	"30"	"h29249"	"aids2018"	"discovery_learn"	"0"	"[]"	"0"	"7"	"0"	"[]"	"0"	"8"	"7"
"/1022154509852626944"	".@DignitasIntl research scientists presenting a STAMP trial-related study at #AIDS2018. This important study seeks.. https://t.co/mHNPiY3k2z"	"30"	"h29249"	"aids2018"	"DignitasIntl"	"0"	"[]"	"0"	"1"	"0"	"[]"	"0"	"7"	"1"
"/1020983654200291328"	"#AIDS2018 delegates are stepping up to change the sound of #tuberculosis! Learn more: https://t.co/s8mOb6sMPd.. https://t.co/qJ99VB647P"	"29"	"h29249"	"aids2018"	"louderthantb"	"0"	"[]"	"0"	"19"	"0"	"[]"	"0"	"33"	"19"
"/1020326700792664065"	"#AIDS2018 We have published an @EU_Commission Staff Working Document on combatting #HIV/#AIDS, viral #hepatitis and.. https://t.co/oOda3aJkFS"	"29"	"h29249"	"aids2018"	"EU_Health"	"0"	"[]"	"0"	"30"	"0"	"[]"	"0"	"21"	"30"
"/1021015699416903680"	"It has been a great experience speaking at  #AIDS2018 annual conference about #hiv associated #tuberculosis  mortal.. https://t.co/lI5rbKISgn"	"29"	"h29249"	"aids2018"	"agbasteiro"	"0"	"[]"	"0"	"3"	"0"	"[]"	"0"	"20"	"3"
"/1020972221693677568"	"#AIDS2018, #TB2018: Don't miss AIDS-Free World's new short documentary film exploring multi-drug-resistant.. https://t.co/MmTZQCOZqb"	"29"	"h29249"	"aids2018"	"AIDS_Free_World"	"0"	"[]"	"0"	"20"	"0"	"[]"	"0"	"20"	"20"
"/1020934901179330561"	"At the opening session of the #TB2018 Conference. ""Towards the #UNHLM on #Tuberculosis. #EndTB #Amsterdam #AIDS2018 https://t.co/m0JcUmA8rF"	"29"	"h29249"	"aids2018"	"acTBistas"	"0"	"[]"	"0"	"3"	"0"	"[]"	"0"	"12"	"3"
"/1021025716887085056"	"WHO at #AIDS2018: over 20 sessions on game-changing topics #UHC #dolutegravir #keypopulations, #PrEP #HIVSelfTest.. https://t.co/lpnGhOwu1S"	"29"	"h29249"	"aids2018"	"NTunga"	"0"	"[]"	"0"	"4"	"0"	"[]"	"0"	"12"	"4"
"/1020286554399535104"	"Looking forward to seeing our partners at #AIDS2018 &amp; #TB2018, we'll be participating in a number of events startin.. https://t.co/U1LpzlWkMy"	"29"	"h29249"	"aids2018"	"StopTB"	"0"	"[]"	"0"	"7"	"0"	"[]"	"0"	"9"	"7"
"/1020730566835138563"	"Day 1 at #AIDS2018 pre-conferences starts with a bang! David Bryden of @RESULTS_Tweets speaking on the role of fait.. https://t.co/cWtcuFlyfJ"	"29"	"h29249"	"aids2018"	"ACTION_tweets"	"0"	"[]"	"0"	"1"	"0"	"[]"	"0"	"8"	"1"
"/1021064227090464768"	"@aidsactioneurop is ready at #AIDS2018. With @EATGx, we set up the Civil Society Forum on #HIVAIDS, #Tuberculosis a.. https://t.co/BBH6uNS4Qx"	"29"	"h29249"	"aids2018"	"aidsactioneurop"	"0"	"[]"	"0"	"2"	"0"	"[]"	"0"	"8"	"2"
"/1021063628412325893"	"It*s about time @realTBpeople ! #tuberculosis community needs to be bigger, louder and in your face. Don`t ask, demand! #TB2018 #AIDS2018"	"29"	"h29249"	"aids2018"	"mickessler"	"0"	"[]"	"0"	"7"	"0"	"[]"	"0"	"8"	"7"
"/1020311131401879552"	"Attending #AIDS2018 / #TB2018 and want to learn more about how #India and #SouthAfrica are approaching the struggle.. https://t.co/u4jAy3G68L"	"29"	"h29249"	"aids2018"	"AIDS_Free_World"	"0"	"[]"	"0"	"5"	"0"	"[]"	"0"	"7"	"5"
"/1037281487190716417"	"Gwen knight #AMR is scary #IDDconf https://t.co/62uKIUWtW8"	"36"	"h11543"	"amr"	"katymeturner"	"0"	"[]"	"0"	"0"	"1"	"[""/1037317631311798272""]"	"0"	"8"	"2"
"/1037234037855854592"	"Collaboration and synergy between #TB drug R&amp;D efforts and #AMR R&amp;D efforts is need of the hour, says Dr.. https://t.co/UMZVlWuNZh"	"36"	"h11543"	"amr"	"cns_campaign"	"0"	"[]"	"0"	"1"	"0"	"[]"	"0"	"2"	"1"
"/1031645557100609536"	"WHO revises MDR-TB treatment with focus on oral drugs https://t.co/9Nef571YZa #MDRTB #AMR #AntibioticResistance.. https://t.co/7SJ7uRjxdR"	"34"	"h11543"	"amr"	"CIDRAP"	"0"	"[]"	"0"	"5"	"1"	"[""/1031652182284619776""]"	"0"	"2"	"5"
"/1032117671511425024"	"Collaboration and synergy between #TB drug R&amp;D efforts and #AMR R&amp;D efforts is need of the hour, says Dr.. https://t.co/C5Eyz6KOBH"	"34"	"h11543"	"amr"	"shobha1shukla"	"0"	"[]"	"0"	"1"	"0"	"[]"	"0"	"1"	"1"
"/1031443246499725312"	"Collaboration and synergy between #TB drug R&amp;D efforts and #AMR R&amp;D efforts is need of the hour, says Dr.. https://t.co/zUX2rJ9HmZ"	"34"	"h11543"	"amr"	"cns_health"	"0"	"[]"	"0"	"2"	"0"	"[]"	"0"	"0"	"2"
"/1029901568005623808"	"#Drugresistant TB is the cornerstone of the global #AMR challenge, accounting for 25% of AMR fatalities per year. L.. https://t.co/xaa5JxRDOl"	"33"	"h11543"	"amr"	"ADP_health"	"0"	"[]"	"0"	"5"	"0"	"[]"	"0"	"6"	"5"
"/1030295684333883398"	"#Recommended: Drug-resistant #TB is a critical component of global response to #AMR: Listen to 1st episode of.. https://t.co/cbH4BsgSFE"	"33"	"h11543"	"amr"	"bobbyramakant"	"0"	"[]"	"0"	"6"	"0"	"[]"	"0"	"3"	"6"
"/1030092093455327232"	"Collaboration and synergy between #TB drug R&amp;D efforts and #AMR R&amp;D efforts is need of the hour, says Dr.. https://t.co/FC9XywLZLA"	"33"	"h11543"	"amr"	"bobbyramakant"	"0"	"[]"	"0"	"1"	"0"	"[]"	"0"	"1"	"1"
"/1019648789513146369"	"Health is not just #health - it is politics &amp; economics. #AMR #NCDs, #endTB #AIDS #UHC are all political issues tha.. https://t.co/rrr0M1U5Ig"	"29"	"h11543"	"amr"	"priyamvadak"	"0"	"[]"	"0"	"4"	"0"	"[]"	"0"	"10"	"4"
"/1009354273484890112"	"[#AMR Newsletter]* @FeverStudies launches first two study sites; a new treatment for drug-resistant #tuberculosis;.. https://t.co/OYqXgZuVLm"	"25"	"h11543"	"amr"	"LSHTM_AMR"	"0"	"[]"	"0"	"1"	"0"	"[]"	"0"	"3"	"1"
"/1004418083547688961"	"Experts: More political attention, research solutions needed for TB. https://t.co/HgYdhZSRSz via @devex #tuberculosis #AMR #UNHLMTB"	"23"	"h11543"	"amr"	"TBAlliance"	"0"	"[]"	"0"	"11"	"0"	"[]"	"0"	"10"	"11"
"/1003717197095735300"	"If we fail to act now, it*s predicted that by 2050, 25%of deaths due to #AMR will be from #TB. @JoanneLiu_MSF #endTB #EWECisME #UNHLMTB"	"23"	"h11543"	"amr"	"UN_EWEC"	"0"	"[]"	"0"	"2"	"0"	"[]"	"0"	"2"	"2"
"/1003683678688632832"	"Wanna work for @FINDdx ?? https://t.co/M5iyBDbVVw #scientificofficer #sequencing #tuberculosis #AMR"	"23"	"h11543"	"amr"	"ldpsci"	"0"	"[]"	"0"	"1"	"0"	"[]"	"0"	"0"	"1"
"/1003639403661742081"	"The pace of progress to #endTB has been too slow &amp; now #AMR presents a huge challenge to find new drugs to combat t.. https://t.co/NYpBqc6DsV"	"23"	"h11543"	"amr"	"UN_EWEC"	"0"	"[]"	"0"	"1"	"0"	"[]"	"0"	"0"	"1"
"/999669402609115137"	"Actionable #HLMTB ask from #JNJ*s #JaakPeeters * tackle #MDRTB which causes a third of all #AMR deaths.  It*s a win.. https://t.co/5EEVtPvNsY"	"21"	"h11543"	"amr"	"ro_collins"	"0"	"[]"	"0"	"1"	"0"	"[]"	"0"	"12"	"9"
"/1032766514166808576"	"The US Department of Defense will support #UQ researchers developing new #antibiotics for #tuberculosis with a $1.4.. https://t.co/93yhgSpcon"	"34"	"h5668"	"antibiotic"	"UQMedicine"	"0"	"[]"	"0"	"3"	"0"	"[]"	"0"	"6"	"3"
"/1022558749268082689"	"Results of debated question @ICMPhilly on what #antibiotic therapy, duration should be used in SSI/PJI caused by.. https://t.co/EM2BA8DdEi"	"30"	"h5668"	"antibiotic"	"OrthoToday"	"0"	"[]"	"0"	"3"	"0"	"[]"	"0"	"1"	"3"
"/1004018255030149120"	"Until the advent of #antibiotics in the first half of the twentieth century, infections such as #diphtheria,.. https://t.co/nKBsREaRg9"	"23"	"h5668"	"antibiotic"	"ENT_AudsNews"	"0"	"[]"	"0"	"2"	"0"	"[]"	"0"	"3"	"2"
"/1034651647010435072"	"Random plasma glucose and point of care HbA1c can accurately diagnose #diabetes in #tuberculosis patients. The late.. https://t.co/ki6ux607JJ"	"35"	"h9923"	"diabetes"	"RonacherK"	"0"	"[]"	"0"	"5"	"0"	"[]"	"0"	"9"	"5"
"/1032349788342288384"	"1895 personas con #Diabetes y 1418 con #VIH sufrieron #Tuberculosis en Per* el 2017,ambas poblaciones vulnerables a.. https://t.co/0cCJmRPww5"	"34"	"h9923"	"diabetes"	"CarlosRoj_TBVIH"	"0"	"[]"	"0"	"3"	"0"	"[]"	"0"	"3"	"3"
"/1029517073322405888"	"Great to see the publications rolling our from our TANDEM study! @SUhealthsci @SuImmunology #tuberculosis #diabetes.. https://t.co/rKN6HgklAS"	"33"	"h9923"	"diabetes"	"RonacherK"	"0"	"[]"	"0"	"4"	"0"	"[]"	"0"	"7"	"4"
"/1025334227510996992"	"BCG #vaccine found to strongly improve HbA1c in type 1 #diabetes https://t.co/I98WTlK60W*#tuberculosis"	"31"	"h9923"	"diabetes"	"ATTDconf"	"0"	"[]"	"0"	"4"	"0"	"[]"	"0"	"7"	"6"
"/1016383296635170816"	"The BCG vaccine against #tuberculosis may reverse Type 1 #diabetes to almost undetectable levels, an eight-year stu.. https://t.co/5ItgaVsiWE"	"28"	"h9923"	"diabetes"	"afshineemrani"	"0"	"[]"	"0"	"1"	"0"	"[]"	"0"	"3"	"1"
"/1015657197890621441"	"#Tuberculosis Vaccine May Be Able to Help People with #Diabetes - interesting article from @Healthline  https://t.co/o484HSFYcm"	"27"	"h9923"	"diabetes"	"ChronicRights"	"0"	"[]"	"0"	"4"	"0"	"[]"	"0"	"6"	"5"
"/1010522637859053568"	"A common #tuberculosis vaccine, #BCG , could provide a treatment for type 1 #diabetes**https://t.co/Qoj2m3Nl7q #TB"	"25"	"h9923"	"diabetes"	"MicrobesInfect"	"0"	"[]"	"0"	"22"	"0"	"[]"	"0"	"27"	"23"
"/1010033064011956224"	"The BCG vaccine against #tuberculosis may reverse Type 1 #diabetes to almost undetectable levels, an eight-year stu.. https://t.co/UlDtjTU1rS"	"25"	"h9923"	"diabetes"	"MicrobesInfect"	"0"	"[]"	"0"	"16"	"0"	"[]"	"0"	"24"	"18"
"/1010069212595830784"	"Type 1 #diabetes can be significantly reversed over several years with just 2 injections of the #tuberculosis vacci.. https://t.co/BBFldI0Skh"	"25"	"h9923"	"diabetes"	"MicrobesInfect"	"0"	"[]"	"0"	"9"	"0"	"[]"	"0"	"10"	"11"
"/1010066611716358145"	"BCG (#tuberculosis) #vaccine can reverse Type 1 #diabetes to almost undetectable levels, eight-year study shows' |.. https://t.co/HPkRZqbMqi"	"25"	"h9923"	"diabetes"	"bioamara"	"0"	"[]"	"0"	"1"	"0"	"[]"	"0"	"6"	"1"
"/1009079752345509888"	"Fighting #TB and #Diabetes Together - About 7 million people in #Bangladesh suffer from diabetes, which triples a p.. https://t.co/O8y8PiBoRN"	"25"	"h9923"	"diabetes"	"ChallengeTB"	"0"	"[]"	"0"	"2"	"0"	"[]"	"0"	"4"	"2"
"/1010366257223303168"	"Almost 100 years later, the lone #tuberculosis vaccine is showing promise in type I #diabetes  https://t.co/BJ2j1FylDp"	"25"	"h9923"	"diabetes"	"MediBulletin"	"0"	"[]"	"0"	"2"	"0"	"[]"	"0"	"1"	"2"
"/1003655330570625024"	"*We must integrate #TB &amp; #HIV, #TB &amp; #diabetes &amp; address comorbidities,* says D Tobaiwa - integrated care &amp; treatme.. https://t.co/rNkBpZMLXj"	"23"	"h9923"	"diabetes"	"priyamvadak"	"0"	"[]"	"0"	"6"	"0"	"[]"	"0"	"6"	"6"
"/1037299620852977664"	"We have the historic opportunity to join forces &amp; win the #EndTB fight w/ 1st-ever #UN High Level Meeting on #TB on.. https://t.co/KxHoxoDPOj"	"36"	"h10401"	"endtb"	"TerezaKasaeva"	"0"	"[]"	"0"	"29"	"0"	"[]"	"1"	"32"	"31"
"/1033916366355488769"	"#Tuberculosis is spread from person to person by sneezing or coughing and almost always affects the lungs.**#EndTB https://t.co/3QL3FO6lOV"	"35"	"h10401"	"endtb"	"WHOSEARO"	"0"	"[]"	"0"	"50"	"0"	"[]"	"1"	"49"	"54"
"/1035793137099108353"	"3 Canadians requesting that @JustinTrudeau attend the #UNHLMTB and help #EndTB. TB among Inuit in Canada &gt; 290 time.. https://t.co/PlftyqxwfX"	"35"	"h10401"	"endtb"	"tb_pai"	"0"	"[]"	"0"	"11"	"0"	"[]"	"0"	"35"	"12"
"/1032621506881314818"	"To #EndTB, we*ll need commitment, investment &amp; leadership across the public and private sectors. Hear why from #JNJ.. https://t.co/R03OSMTcaM"	"34"	"h10401"	"endtb"	"JNJGlobalHealth"	"0"	"[]"	"0"	"17"	"0"	"[]"	"0"	"35"	"17"
"/1030376435557445638"	"With appropriate &amp; complete treatment, #Tuberculosis can be cured. Let*s work together to #EndTB. Know more:.. https://t.co/gYXwuiDBSu"	"33"	"h10401"	"endtb"	"MoHFW_INDIA"	"0"	"[]"	"0"	"20"	"0"	"[]"	"0"	"45"	"21"
"/1030059094642778112"	"**** *** ** **** ** ******| *** **** ***** ******* ****| https://t.co/HoharJt2BR *#Tuberculosis #SwasthaBharat #EndTB @SrBachchan"	"33"	"h10401"	"endtb"	"MoHFW_INDIA"	"0"	"[]"	"0"	"13"	"0"	"[]"	"0"	"39"	"14"
"/1022100403339636737"	"In order to #EndTB, it*s important for people to be aware of #TB treatment and be able to receive it on time... https://t.co/YUayxEInHV"	"30"	"h10401"	"endtb"	"MoHFW_INDIA"	"0"	"[]"	"0"	"17"	"0"	"[]"	"1"	"55"	"18"
"/1019158292172398592"	"With appropriate &amp; complete treatment, #Tuberculosis can be cured. Let*s work together to #EndTB. Know more:.. https://t.co/8cDXaAnGv1"	"29"	"h10401"	"endtb"	"MoHFW_INDIA"	"0"	"[]"	"0"	"25"	"0"	"[]"	"0"	"27"	"26"
"/1018444311921295367"	"**** *** ** **** ** ******| **** **** ***** ******* ****|*https://t.co/HoharJt2BR * #Tuberculosis #SwasthaBharat #EndTB @SrBachchan"	"28"	"h10401"	"endtb"	"MoHFW_INDIA"	"0"	"[]"	"0"	"23"	"0"	"[]"	"0"	"91"	"31"
"/1011526983837274112"	"With proper care and treatment, #Tuberculosis can be cured. Let*s work together to #EndTB. Know more:.. https://t.co/r4Swr9P6Du"	"26"	"h10401"	"endtb"	"MoHFW_INDIA"	"0"	"[]"	"0"	"14"	"0"	"[]"	"0"	"30"	"14"
"/1008936673214951424"	"Our (@ravishni &amp; I) outreach #podcasts on #tuberculosis covered by @Dainik_Jagaran. We discuss #endTB mission of ho.. https://t.co/fRsDmMffUe"	"25"	"h10401"	"endtb"	"Sukant_Khurana"	"0"	"[]"	"0"	"597"	"0"	"[]"	"0"	"601"	"2791"
"/1009544155536621568"	"These women are so inspiring!!! Great advocacy meeting on what canada can do to help #EndTuberculosis - invest in R.. https://t.co/hW8k9Kv4Rs"	"25"	"h10401"	"endtb"	"scgdoreme"	"0"	"[]"	"0"	"0"	"1"	"[""/1009546544901754884""]"	"0"	"24"	"5"
"/1007190350350442496"	"These inspiring women recently reminded us that together we can beat TB. #EndTB"	"24"	"h10401"	"endtb"	"JanssenAP"	"0"	"[]"	"0"	"139"	"0"	"[]"	"0"	"1497"	"162"
"/1003804093805187072"	"Steps to #EndTB include:**Reduce poverty &amp; inequality*Increase universal health coverage*Combat anti-microbial resi.. https://t.co/i8l0yIefJY"	"23"	"h10401"	"endtb"	"UN"	"0"	"[]"	"0"	"74"	"0"	"[]"	"0"	"201"	"107"
"/1003656947885674497"	"For the first time the @UN is making global effort to #EndTB. I'm honored to speak at today*s Civil Society Hearing.. https://t.co/yMOk83u4Uq"	"23"	"h10401"	"endtb"	"Melquiades476"	"0"	"[]"	"0"	"8"	"0"	"[]"	"0"	"32"	"8"
"/1004485885377646592"	"Plotting to #EndTB with TB advocates &amp; leaders in NYC! @TerezaKasaeva @StopTB @RMinghui @MasoudDara @BertieSquire.. https://t.co/RzkxCYeRTK"	"23"	"h10401"	"endtb"	"paimadhu"	"0"	"[]"	"0"	"12"	"0"	"[]"	"0"	"28"	"12"
"/1003665443431821314"	"""In 2015, world leaders made the bold commitment to #endTB epidemic by 2030. But, we are not on track to meet this.. https://t.co/xRNODMiZg2"	"23"	"h10401"	"endtb"	"UN_PGA"	"0"	"[]"	"0"	"22"	"0"	"[]"	"0"	"27"	"22"
"/1005810241664094208"	"Our efforts to #EndTB r getting high level political support  *@g7* Communiqu* - para 6 underlines commitment to.. https://t.co/IDZtInk8Tn"	"23"	"h10401"	"endtb"	"LucicaDitiu"	"1"	"[""/1006114159174606849""]"	"0"	"23"	"0"	"[]"	"0"	"26"	"20"
"/1001455621173063680"	"With proper care and treatment, #Tuberculosis can be cured. Let*s work together to #EndTB. Know more:.. https://t.co/57Ow9PmofS"	"22"	"h10401"	"endtb"	"MoHFW_INDIA"	"0"	"[]"	"0"	"16"	"0"	"[]"	"0"	"27"	"18"
"/999673127067095040"	"Historic moment for the fight to #EndTB with all @WHO Member States and partners in official relations unanimously.. https://t.co/kv5m56QRCn"	"21"	"h10401"	"endtb"	"TerezaKasaeva"	"0"	"[]"	"0"	"2"	"0"	"[]"	"0"	"28"	"25"
"/1035083921137065985"	"Video teaser #Africa Side Event at #UN High Level Meeting on Ending #Tuberculosis https://t.co/tIx8yxbZF8  #EndTB #UNHLMTB #Health #TB"	"35"	"h1913"	"health"	"NEPAD_Agency"	"0"	"[]"	"0"	"1"	"0"	"[]"	"0"	"6"	"1"
"/1031453929178128384"	"For Majid and Chaman, the journey to full #health has begun. With luck, and thanks to these new #MDR-TB wards, many.. https://t.co/YFeJTEJEaT"	"34"	"h1913"	"health"	"UNDPaf"	"0"	"[]"	"0"	"6"	"0"	"[]"	"0"	"4"	"6"
"/1032216449820057601"	"The #health #benefits of banana include helping with #weight #loss, reducing #obesity, curing #intestinal.. https://t.co/G43WwR6zfp"	"34"	"h1913"	"health"	"planetayurveda9"	"0"	"[]"	"0"	"3"	"0"	"[]"	"0"	"4"	"3"
"/1024331212029128704"	"* #TB is the most cost effective intervention compared to most #health interventions. For every dollar invested in.. https://t.co/hye9AmdKKl"	"31"	"h1913"	"health"	"kncvtbc"	"0"	"[]"	"0"	"0"	"1"	"[""/1024335704099381248""]"	"0"	"48"	"58"
"/1021643644040867845"	"#UnitedNations General Assembly High-level Meeting on #Tuberculosis will be held on this September. https://t.co/s7vwTRCtIL #Health"	"30"	"h1913"	"health"	"newsclickin"	"0"	"[]"	"0"	"2"	"0"	"[]"	"0"	"3"	"2"
"/1021997233976369163"	"Bimla Misra Memorial Health Fellows help to document voices of affected communities dealing with specific #health a.. https://t.co/acRLYDjxMU"	"30"	"h1913"	"health"	"rahuldwived85"	"0"	"[]"	"0"	"2"	"0"	"[]"	"0"	"2"	"2"
"/1021653732923244544"	"Bimla Misra Memorial Health Fellows help to document voices of affected communities dealing with specific #health a.. https://t.co/Q5NdFsKJBW"	"30"	"h1913"	"health"	"shobha1shukla"	"0"	"[]"	"0"	"1"	"0"	"[]"	"0"	"1"	"1"
"/1019648789513146369"	"Health is not just #health - it is politics &amp; economics. #AMR #NCDs, #endTB #AIDS #UHC are all political issues tha.. https://t.co/rrr0M1U5Ig"	"29"	"h1913"	"health"	"priyamvadak"	"0"	"[]"	"0"	"4"	"0"	"[]"	"0"	"10"	"4"
"/1018057608073220096"	"Without universal access to quality #health care, millions of people die unnecessarily every year, and preventable.. https://t.co/ytP4Ac3w5p"	"28"	"h1913"	"health"	"GlobalFund"	"0"	"[]"	"0"	"1"	"0"	"[]"	"0"	"9"	"12"
"/1017324220777488384"	"In 2017, #OFID committed US$30m to a range of #health initiatives aimed at preventing &amp; treating #diseases, such as.. https://t.co/nZtukaWT7l"	"28"	"h1913"	"health"	"OFIDnews"	"0"	"[]"	"0"	"1"	"0"	"[]"	"0"	"3"	"1"
"/1017580558841458689"	"#Quarantine is necessary to protect the health of the individual and the #health of the #community. I have quaranti.. https://t.co/fVsEY0bA3g"	"28"	"h1913"	"health"	"TheFrenchEm"	"0"	"[]"	"0"	"1"	"0"	"[]"	"0"	"2"	"1"
"/1014739697493426177"	"https://t.co/9i2lFeAeE0**https://t.co/5SBwarUgFB**#health #Tuberculosis #NIRT #doctors #TB #eliminateTB #TBpatients.. https://t.co/Z4GRGBrCZP"	"27"	"h1913"	"health"	"nptelindia"	"0"	"[]"	"0"	"1"	"0"	"[]"	"0"	"2"	"1"
"/1009017689912692738"	"@CSIR_CDRI @CSIR_IND *#health #awareness #Program on #Tuberculosis by @ravishni &amp; @Sukant_Khurana on #podcast.. https://t.co/hIRsdXkVO5"	"25"	"h1913"	"health"	"CSIR_CDRI"	"0"	"[]"	"0"	"3"	"1"	"[""/1009058307816894465""]"	"0"	"7"	"4"
"/1006799261508558848"	"#Japan &amp; @GlobalFund have made great gains in expanding #health services for the world*s most vulnerable and at-ris.. https://t.co/xidnJOiPEf"	"24"	"h1913"	"health"	"GlobalFund"	"0"	"[]"	"0"	"0"	"1"	"[""/1006814332510928898""]"	"0"	"6"	"1"
"/1003914245241593857"	"#Bibasilar #atelectasis: Symptoms, causes, and complications . #Respiratory #Cancer #Health #Tuberculosis.. https://t.co/rSz0PbSNRK"	"23"	"h1913"	"health"	"EduardGToledano"	"0"	"[]"	"0"	"1"	"0"	"[]"	"0"	"1"	"1"
"/1036829352657338368"	"Tuberculosis is a major cause of death for people infected with #HIV. We cannot talk about HIV without talking abou.. https://t.co/EwxxMikIHh"	"36"	"h10636"	"hiv"	"DrTedros"	"1"	"[""/1037086130162884608""]"	"0"	"80"	"2"	"[""/1037032447819567104"",""/1037048524893024258""]"	"0"	"153"	"85"
"/1036895556763672576"	"Asia-Pacific is the home for 13% of people living with #HIV and 20% of #tuberculosis and #HIV co-infections are in.. https://t.co/lybN31vK3a"	"36"	"h10636"	"hiv"	"UNAIDS_AP"	"0"	"[]"	"0"	"2"	"1"	"[""/1036903735627341824""]"	"0"	"9"	"2"
"/1031535023323787264"	"#GenderEquality #Empowerment #HIV #Tuberculosis and #Malaria Control: What Kofi Annan Achieved in #Healthcare.. https://t.co/BhhBFT1Hgf"	"34"	"h10636"	"hiv"	"AnjaNitzscheB"	"0"	"[]"	"0"	"8"	"0"	"[]"	"0"	"9"	"8"
"/1031065754601488384"	"Despite being curable, #tuberculosis remains the leading cause of death among people living with #HIV. Find out mor.. https://t.co/yy08GPXdlY"	"33"	"h10636"	"hiv"	"UNAIDS"	"1"	"[""/1031129646253916160""]"	"0"	"52"	"1"	"[""/1031066113201844224""]"	"0"	"54"	"55"
"/1027631599184171008"	"""It reminds me of exactly the same policies toward ARVs for #HIV. People died while science danced on the head of t.. https://t.co/bg6KZm5otO"	"32"	"h10636"	"hiv"	"AIDS_Free_World"	"0"	"[]"	"0"	"13"	"0"	"[]"	"0"	"9"	"13"
"/1023044847328870400"	"#Hepatitis is one of the leading causes of death globally; as many as #HIV/ #AIDS #Tuberculosis or #malaria You can.. https://t.co/vF8AIzMqBy"	"30"	"h10636"	"hiv"	"SolarHospitalIn"	"0"	"[]"	"0"	"11"	"0"	"[]"	"0"	"17"	"11"
"/1023161266691563520"	"#WHD2018 We have published an @EU_Commission Staff Working Document on combatting #HIV/#AIDS, viral #hepatitis and.. https://t.co/tI0DlUUKTf"	"30"	"h10636"	"hiv"	"EU_Health"	"0"	"[]"	"0"	"12"	"0"	"[]"	"0"	"14"	"13"
"/1021379762353319937"	"#Tuberculosis is the leading killer of people with #HIV / #AIDS, with 1 out of every 3 deaths of a person with HIV/.. https://t.co/aUQxvqu2NT"	"30"	"h10636"	"hiv"	"GlobalTB"	"0"	"[]"	"0"	"12"	"1"	"[""/1021407769155469313""]"	"0"	"12"	"12"
"/1022076897801449474"	"How can we ensure earlier diagnosis of #HIV, viral #hepatitis, #tuberculosis &amp; #STI for #migrants, the homeless,.. https://t.co/rhnQaOxC9x"	"30"	"h10636"	"hiv"	"ECDC_HIVAIDS"	"0"	"[]"	"0"	"10"	"0"	"[]"	"0"	"10"	"10"
"/1020371542360973313"	"Despite being curable, #tuberculosis remains the leading cause of death among people living with #HIV. Find out mor.. https://t.co/onWDXFngj4"	"29"	"h10636"	"hiv"	"UNAIDS"	"0"	"[]"	"0"	"55"	"2"	"[""/1020490383934087168"",""/1020419217936535552""]"	"0"	"57"	"60"
"/1020316516057780227"	"Rapid urine-based screening for #tuberculosis in #HIV-positive patients admitted to hospital in #Africa (.. https://t.co/etPlNlhO6x"	"29"	"h10636"	"hiv"	"TheLancet"	"0"	"[]"	"0"	"19"	"0"	"[]"	"0"	"38"	"21"
"/1020326700792664065"	"#AIDS2018 We have published an @EU_Commission Staff Working Document on combatting #HIV/#AIDS, viral #hepatitis and.. https://t.co/oOda3aJkFS"	"29"	"h10636"	"hiv"	"EU_Health"	"0"	"[]"	"0"	"30"	"0"	"[]"	"0"	"21"	"30"
"/1021015699416903680"	"It has been a great experience speaking at  #AIDS2018 annual conference about #hiv associated #tuberculosis  mortal.. https://t.co/lI5rbKISgn"	"29"	"h10636"	"hiv"	"agbasteiro"	"0"	"[]"	"0"	"3"	"0"	"[]"	"0"	"20"	"3"
"/1020312896981659648"	"Spit or pee to diagnose #TB? A cheap urine-based test to screen #HIV+ patients for TB could contribute to #EndTB ta.. https://t.co/x7yH8YBGxw"	"29"	"h10636"	"hiv"	"LSHTM"	"0"	"[]"	"0"	"15"	"0"	"[]"	"0"	"15"	"15"
"/1019960053724352512"	"Only 62.2 % #TB #HIV co-infected patients in the EU/EEA, were treated succesfully in 2016 - which is far from 85% t.. https://t.co/b1kuNoGb1t"	"29"	"h10636"	"hiv"	"ECDC_TB"	"1"	"[""/1020005174226706434""]"	"0"	"1"	"0"	"[]"	"0"	"12"	"18"
"/1019084889646301184"	".@ICRC and @GlobalFund are joining forces to provide better care to to individuals and communities affected by #HIV.. https://t.co/OPB5iIFsLz"	"29"	"h10636"	"hiv"	"reliefweb"	"0"	"[]"	"0"	"5"	"0"	"[]"	"0"	"11"	"6"
"/1019513521187500032"	"New collaboration between @GlobalFund and @ICRC to provide better care to those burdened by #malaria #TB #HIV in ha.. https://t.co/6elba5MzDu"	"29"	"h10636"	"hiv"	"GlobalFund"	"1"	"[""/1019520744261341184""]"	"0"	"0"	"0"	"[]"	"0"	"10"	"2"
"/1017462362335563778"	"Did you know? #Tuberculosis is the leading cause of death among people living with #HIV. @PEPFAR is responding to t.. https://t.co/jnwDNZnpUC"	"28"	"h10636"	"hiv"	"PEPFAR"	"0"	"[]"	"0"	"6"	"0"	"[]"	"0"	"14"	"12"
"/1014168156515037186"	"Did you know? #Tuberculosis is the leading cause of death among people living with #HIV. @PEPFAR  is responding to.. https://t.co/TNN9iTu1pH"	"27"	"h10636"	"hiv"	"PEPFAR"	"0"	"[]"	"0"	"1"	"0"	"[]"	"0"	"12"	"9"
"/1001818008279494656"	"#HIV &amp; #TB co-infected patients require medications like Antiretroviral therapy (ART) &amp; Co-trimoxazole preventive t.. https://t.co/fSy4AWg5MU"	"22"	"h10636"	"hiv"	"MoHFW_INDIA"	"0"	"[]"	"0"	"15"	"0"	"[]"	"0"	"44"	"17"
"/1035094048317403136"	"@StopTB*s TB REACH Grantee #Union #India urging @PMOIndia to pledge his commitment to #EndTB at the #UNHLMTB https://t.co/tSbZTNveVn"	"35"	"h12680"	"india"	"StopTB"	"0"	"[]"	"0"	"4"	"0"	"[]"	"0"	"10"	"4"
"/1032915892802412544"	"25% of the world's #tuberculosis cases are in #India. Hear how #JNJ's work in the discovery of new #TB medicines is.. https://t.co/M2Y51TIQIV"	"34"	"h12680"	"india"	"ro_collins"	"0"	"[]"	"0"	"3"	"0"	"[]"	"0"	"9"	"3"
"/1029261403453120514"	"FOTOGALER*A: La #tuberculosis en #India afecta a casi tres millones de personas y es muy complicada de tratar. Sus.. https://t.co/a4FCZHry87"	"33"	"h12680"	"india"	"Planeta_Futuro"	"0"	"[]"	"0"	"8"	"1"	"[""/1029350944134316032""]"	"0"	"10"	"8"
"/1029268626895822848"	"Roadmap to 2025 to Make #India #TBFree #Multisectoraction crucial for moving towards TB-Free India *@MoHFW_INDIA.. https://t.co/SXtdqfNGDX"	"33"	"h12680"	"india"	"forTBfreeIndia"	"0"	"[]"	"0"	"1"	"0"	"[]"	"0"	"8"	"2"
"/1027764542695198720"	"This is what raising social media awareness looked like in 1967:*In #India ** a man on a tricycle informs people ab.. https://t.co/KszyeS4Ql5"	"32"	"h12680"	"india"	"WHOSEARO"	"0"	"[]"	"0"	"29"	"0"	"[]"	"0"	"55"	"33"
"/1024767736478621704"	"Only 1,000 people in #India are on #bedaquiline and #delaminid, while an estimated 147,000 have #MDRTB without acce.. https://t.co/dLR6zrKsJo"	"31"	"h12680"	"india"	"AIDS_Free_World"	"0"	"[]"	"0"	"6"	"0"	"[]"	"0"	"6"	"8"
"/1022800523777531904"	"NEW: ""Two Countries, Two Choices"" * AIDS-Free World's new documentary film explores the decisions sending #India an.. https://t.co/crXWsqZZ8L"	"30"	"h12680"	"india"	"AIDS_Free_World"	"0"	"[]"	"0"	"18"	"1"	"[""/1027205815256711168""]"	"0"	"8"	"18"
"/1023334539509346304"	"""The new drugs work... The question is: when are we getting them for everyone else."" Only 1,000 people in #India ar.. https://t.co/hqcgH9Vj5o"	"30"	"h12680"	"india"	"AIDS_Free_World"	"0"	"[]"	"0"	"7"	"0"	"[]"	"0"	"7"	"8"
"/1020311131401879552"	"Attending #AIDS2018 / #TB2018 and want to learn more about how #India and #SouthAfrica are approaching the struggle.. https://t.co/u4jAy3G68L"	"29"	"h12680"	"india"	"AIDS_Free_World"	"0"	"[]"	"0"	"5"	"0"	"[]"	"0"	"7"	"5"
"/1017281289416830976"	".@nandita_venky underlined the need for diagnostics to reach every corner of #India. *There are people who tell me.. https://t.co/9pNPbSZV2l"	"28"	"h12680"	"india"	"cns_health"	"0"	"[]"	"0"	"9"	"0"	"[]"	"0"	"10"	"9"
"/1011141916564451328"	"Ending #tuberculosis in #India will in turn pivot the global TB response, saving millions of lives in the years to.. https://t.co/ZYoS81ilS3"	"26"	"h12680"	"india"	"Vaccinologist"	"0"	"[]"	"0"	"7"	"0"	"[]"	"0"	"10"	"7"
"/1010529508548476928"	"#ActiveCaseFinding #EndTB #Kangra #India counseling of new detected TB patient by Treatment Supervisor Suchi, essen.. https://t.co/bcotaHlg2T"	"25"	"h12680"	"india"	"drrksood"	"0"	"[]"	"0"	"6"	"1"	"[""/1011170613828784128""]"	"0"	"15"	"6"
"/1010531833606373376"	"#ActiveCaseFinding #EndTB #Kangra #Himachal #India in slums, stone crushers: marginalised populations which dont ac.. https://t.co/EKl0LZxXLn"	"25"	"h12680"	"india"	"drrksood"	"0"	"[]"	"0"	"4"	"0"	"[]"	"0"	"11"	"4"
"/1009286150408716289"	"#EndTB #ActiveCaseFinding #Kangra #Himachal teams braving the hot #India summer and visiting house to house, slum n.. https://t.co/kbYMByt7Dw"	"25"	"h12680"	"india"	"drrksood"	"0"	"[]"	"0"	"5"	"1"	"[""/1009307113309556737""]"	"0"	"10"	"5"
"/1008533811179581440"	"Active case finding to #EndTB  #India. TB Treatment Supervisor Pankaj counseling presumptive TB Patient to give spu.. https://t.co/sFJ4eEjJeU"	"25"	"h12680"	"india"	"drrksood"	"0"	"[]"	"0"	"6"	"2"	"[""/1009863561647030272"",""/1008536821435789312""]"	"0"	"10"	"6"
"/1009858641959141377"	"#ActiveCaseFinding #EndTB Dharamshala District Jail #Kangra #HimachalPradesh #India Abhinav TB treatment supervisor.. https://t.co/9qJkvgqJxR"	"25"	"h12680"	"india"	"drrksood"	"0"	"[]"	"0"	"1"	"0"	"[]"	"0"	"8"	"1"
"/1009628338707550208"	"#ActiveCaseFinding #EndTB Accredited Social Health Activist @ Nehranpukhar village, #Kangra #Himachal #India counse.. https://t.co/RKxJLhPlzy"	"25"	"h12680"	"india"	"drrksood"	"0"	"[]"	"0"	"5"	"0"	"[]"	"0"	"8"	"5"
"/1008275815216361472"	"Astonished to learn that in #India there are some arguing against Indian MoH for introduction of #WHO-recommended,.. https://t.co/S3iLowBJ86"	"24"	"h12680"	"india"	"M_Raviglione"	"0"	"[]"	"0"	"0"	"1"	"[""/1008325886171590656""]"	"0"	"27"	"28"
"/999328682907963393"	".@JPNadda discusses #India*s plan to #EndTB by 2025 through a strategic plan involving early detection, screening,.. https://t.co/YuZNOgPMz0"	"21"	"h12680"	"india"	"JLCastroGarcia"	"0"	"[]"	"0"	"2"	"0"	"[]"	"0"	"17"	"11"
"/999340547293827072"	"#India is striving for a comprehensive healthcare system and is developing wellness centers with trained paramedics.. https://t.co/QedHLvW14v"	"21"	"h12680"	"india"	"StopTB"	"0"	"[]"	"0"	"1"	"0"	"[]"	"0"	"17"	"13"
"/1021332603679387648"	"Shoutout to #innovators, users &amp; enablers in this space, what are your thoughts on this? Can you help #EndTB? Share.. https://t.co/UFxdkxbbwm"	"30"	"h14987"	"innovation"	"learning4impact"	"0"	"[]"	"0"	"7"	"0"	"[]"	"0"	"7"	"6"
"/1018815034422677505"	"Pleased to welcome a new #innovation! @PIH Lesotho #MentalHealth Integration Program - Mental health integration in.. https://t.co/sd90Y1ul44"	"29"	"h14987"	"innovation"	"MHInnovation"	"0"	"[]"	"0"	"4"	"0"	"[]"	"0"	"7"	"4"
"/1017289537888968704"	".@iamvikassheel Joint Secretary @MoHFW_INDIA said all #innovation should be based on needs of #TB patients,.. https://t.co/IGdBmTd63G"	"28"	"h14987"	"innovation"	"cns_health"	"0"	"[]"	"0"	"9"	"0"	"[]"	"0"	"12"	"9"
"/1017388124446646272"	"Pleased to welcome a new #innovation! @PIH Lesotho #MentalHealth Integration Program - Mental health integration in.. https://t.co/YqtdqSCY1d"	"28"	"h14987"	"innovation"	"MHInnovation"	"0"	"[]"	"0"	"5"	"0"	"[]"	"0"	"4"	"5"
"/1017307930079760384"	".@neerajPATH of @PATH_India stressed that when we talk about #innovation we do not limit ourselves to *products* al.. https://t.co/FrVVR0YVd0"	"28"	"h14987"	"innovation"	"cns_health"	"0"	"[]"	"0"	"5"	"0"	"[]"	"0"	"4"	"5"
"/1016187794882846720"	"**UFJ************* #MURC * #StopTB Partnership ************************************* #******* *********************.. https://t.co/7z8hffGSdO"	"28"	"h66575"	"innovation"	"StopTB_Japan"	"0"	"[]"	"0"	"1"	"0"	"[]"	"0"	"3"	"1"
"/1009859407419793409"	"We believe #innovation is the way forward to #endTB! **#JNJ is convening 60 delegates from around the world in Pari.. https://t.co/DWqfN4Yzhz"	"25"	"h14987"	"innovation"	"JNJGlobalHealth"	"0"	"[]"	"0"	"2"	"0"	"[]"	"0"	"1"	"2"
"/1003866932825731073"	"Greetings on #WorldEnvironmentDay **#ezyspit - World's First Spit Pack. **#innovation for #MyCleanIndia.. https://t.co/uzsrq6SRQU"	"23"	"h14987"	"innovation"	"ritumalhotra94"	"0"	"[]"	"0"	"4"	"0"	"[]"	"0"	"6"	"4"
"/1005023402451664896"	"** ** ***** *** ** *** ** ***** ***** ***** ** ******#EzySpit #Innovation for #StopSpittingOnRoads**#SwachhBharat.. https://t.co/FPPTwCFevR"	"23"	"h14987"	"innovation"	"ritumalhotra94"	"0"	"[]"	"0"	"5"	"0"	"[]"	"0"	"6"	"5"
"/1003838139927072768"	"Greetings on #WorldEnvironmentDay **#ezyspit - World's First Spit Pack. **#innovation for #MyCleanIndia.. https://t.co/gdpIleiyak"	"23"	"h14987"	"innovation"	"ritumalhotra94"	"0"	"[]"	"0"	"5"	"0"	"[]"	"0"	"6"	"5"
"/1003641019961937920"	"#ezyspit #innovation for #MyCleanIndia #SwachhBharat #tbmuktbharat #HealthyIndia #Cancers #Tuberculosis #swineflu.. https://t.co/AfhSWZ6XZn"	"23"	"h14987"	"innovation"	"ritumalhotra94"	"0"	"[]"	"0"	"4"	"0"	"[]"	"0"	"5"	"4"
"/1000982175918055424"	"#ezyspit - #**** ***** **** #****,#****** **** ****,#****** **** ****. *#innovation for #tbmuktbharat #mycleanindia.. https://t.co/Ljor8cWGN1"	"22"	"h14987"	"innovation"	"ritumalhotra94"	"0"	"[]"	"0"	"2"	"0"	"[]"	"0"	"6"	"2"
"/1032549749600215041"	"September issue now online https://t.co/dl15OwIS68 #UTI #malaria #pneumococcus #meningitis #SSI #Ebola #vivax.. https://t.co/G6tskufI7z"	"34"	"h5783"	"malaria"	"TheLancetInfDis"	"0"	"[]"	"0"	"16"	"0"	"[]"	"0"	"24"	"17"
"/1031535023323787264"	"#GenderEquality #Empowerment #HIV #Tuberculosis and #Malaria Control: What Kofi Annan Achieved in #Healthcare.. https://t.co/BhhBFT1Hgf"	"34"	"h5783"	"malaria"	"AnjaNitzscheB"	"0"	"[]"	"0"	"8"	"0"	"[]"	"0"	"9"	"8"
"/1028993322440945665"	"Access to #HIV consultations, #tuberculosis and #malaria prevention services are now cut off because of the.. https://t.co/A3BHxXrfW9"	"33"	"h5783"	"malaria"	"genderhealth"	"0"	"[]"	"0"	"7"	"0"	"[]"	"0"	"7"	"7"
"/1031197684512841728"	"Recordando / remembering #manhi*a #mo*ambique #tuberculosis #HIV #malaria #diamundialfotografia.. https://t.co/XmxmlYg7jx"	"33"	"h5783"	"malaria"	"JoanCayla"	"0"	"[]"	"0"	"1"	"1"	"[""/1032165768597843968""]"	"0"	"7"	"1"
"/1027379691546656769"	"Australian and PNG researchers to work together under an Australian government funded program to address #malaria,.. https://t.co/QnA7tEghsn"	"32"	"h5783"	"malaria"	"APLMA_Malaria"	"0"	"[]"	"0"	"1"	"0"	"[]"	"0"	"5"	"1"
"/1027269490155966464"	"CareAi is an #AI system also using #blockchain that can apparently diagnose infectious diseases, such as #malaria,.. https://t.co/gahsQzYcfk"	"32"	"h5783"	"malaria"	"DovetailLab"	"0"	"[]"	"0"	"1"	"0"	"[]"	"0"	"2"	"1"
"/1024545095910150144"	"**We ""almost"" cured  #influenza #SARS #HIV #AIDS #Malaria and #tuberculosis *BUT, you will never cure this horrible.. https://t.co/AurWMzdxk5"	"31"	"h5783"	"malaria"	"NSR_Stevenson"	"0"	"[]"	"0"	"1"	"0"	"[]"	"0"	"3"	"2"
"/1022385722463059968"	"August issue of The Lancet Infectious Diseases now online https://t.co/CqwhtTbou4 #Cdiff #trichuriasis #malaria.. https://t.co/MaZJSTfBep"	"30"	"h5783"	"malaria"	"Onisillos"	"0"	"[]"	"0"	"11"	"0"	"[]"	"0"	"20"	"12"
"/1023044847328870400"	"#Hepatitis is one of the leading causes of death globally; as many as #HIV/ #AIDS #Tuberculosis or #malaria You can.. https://t.co/vF8AIzMqBy"	"30"	"h5783"	"malaria"	"SolarHospitalIn"	"0"	"[]"	"0"	"11"	"0"	"[]"	"0"	"17"	"11"
"/1022583586615123969"	"It*s all in a dose: how Rada Savic*s lab is coding the way to improved outcomes for malnourished kids with #malaria.. https://t.co/d6m7segSgQ"	"30"	"h5783"	"malaria"	"ucsfpharmacy"	"0"	"[]"	"0"	"1"	"0"	"[]"	"0"	"2"	"1"
"/1019513521187500032"	"New collaboration between @GlobalFund and @ICRC to provide better care to those burdened by #malaria #TB #HIV in ha.. https://t.co/6elba5MzDu"	"29"	"h5783"	"malaria"	"GlobalFund"	"1"	"[""/1019520744261341184""]"	"0"	"0"	"0"	"[]"	"0"	"10"	"2"
"/1015249523441131521"	"Researcher working in Africa on the discovery of new drug candidates for #malaria, #tuberculosis or other #NTDs? Ta.. https://t.co/wCeCgiBU0y"	"27"	"h5783"	"malaria"	"MedsforMalaria"	"0"	"[]"	"0"	"3"	"0"	"[]"	"0"	"6"	"3"
"/1007299544915197952"	"A Ugandan inventor has won a major prize for a device which tests for #malaria without drawing blood.**The device d.. https://t.co/fJbeXo6OZ0"	"24"	"h5783"	"malaria"	"MicrobesInfect"	"1"	"[""/1007656687833092096""]"	"0"	"8"	"0"	"[]"	"0"	"36"	"19"
"/1006464371508334597"	"Global Fund Partnership Photo Contest https://t.co/8oC0gsYlTH #HIV/AIDS, #tuberculosis and #malaria"	"24"	"h5783"	"malaria"	"Eunicekkilonzo"	"0"	"[]"	"0"	"3"	"0"	"[]"	"0"	"3"	"3"
"/1007229940289490944"	"*""El #Chagas, la #malaria, el #VIH, la #tuberculosis y las resistencias antimicrobianas son algunos ejemplos de fal.. https://t.co/JFWS1b6JeG"	"24"	"h5783"	"malaria"	"ISGLOBALorg"	"0"	"[]"	"0"	"2"	"0"	"[]"	"0"	"3"	"2"
"/1001444320866721792"	"Q: What is #SDG Target 3.3? A: *By 2030, end the epidemics of #AIDS, #tuberculosis, #malaria and neglected tropical.. https://t.co/O7Zp2j3XjZ"	"22"	"h5783"	"malaria"	"GlobalFund"	"0"	"[]"	"0"	"40"	"0"	"[]"	"0"	"49"	"39"
"/1003260145634365440"	"Q: What is #SDG Target 3.3? A: *By 2030, end the epidemics of #AIDS, #tuberculosis, #malaria &amp; neglected tropical d.. https://t.co/t5TmaOXy7j"	"22"	"h5783"	"malaria"	"GlobalFund"	"0"	"[]"	"0"	"7"	"0"	"[]"	"0"	"12"	"8"
"/1001044190158032898"	"France to host 6th conference for global fund to fight #AIDS, #tuberculosis and #malaria https://t.co/V4rcUew1xT.. https://t.co/vUiusvRGPw"	"22"	"h5783"	"malaria"	"sussexbeacon"	"0"	"[]"	"0"	"2"	"0"	"[]"	"0"	"2"	"2"
"/999905696601681920"	"June issue now online https://t.co/XeljAzjCw1 featuring #malaria #buruliulcer #polio #cholera #tuberculosis #lassa.. https://t.co/1peQ9tphXm"	"21"	"h5783"	"malaria"	"TheLancetInfDis"	"0"	"[]"	"0"	"2"	"0"	"[]"	"0"	"14"	"7"
"/1030463589235216385"	"Huge news! @who announces key changes to #MDRTB regimens:*-reprioritization of drugs **BDQ, LZD, CFZ **SLID*-fully.. https://t.co/Kcn31u3M2L"	"33"	"h11032"	"mdrtb"	"ruvandhi"	"0"	"[]"	"0"	"4"	"1"	"[""/1030538152287629312""]"	"0"	"8"	"4"
"/1030513853367562240"	"A really big step in #MDRTB treatment! Bravo to @WHO and all those who have worked tirelessly to get us this far! https://t.co/6fSkeipBi6"	"33"	"h11032"	"mdrtb"	"docwak77"	"0"	"[]"	"0"	"0"	"0"	"[]"	"0"	"7"	"1"
"/1030535689153130496"	"Welcome&amp;great changes in WHO MDRTB/RR #TB guidelines, will help improve quality of life who are on #MDRTB treatment.. https://t.co/TatxdMXLpl"	"33"	"h11032"	"mdrtb"	"TbHivActivist"	"0"	"[]"	"0"	"1"	"0"	"[]"	"0"	"4"	"1"
"/1026936777720963072"	"#SouthAfrica's approach to tackling #MDRTB has become a model for the world, yet challenges abound. ""In South Afric.. https://t.co/uL80p2QVeq"	"32"	"h11032"	"mdrtb"	"AIDS_Free_World"	"0"	"[]"	"0"	"5"	"1"	"[""/1027047308179988481""]"	"0"	"4"	"5"
"/1024767736478621704"	"Only 1,000 people in #India are on #bedaquiline and #delaminid, while an estimated 147,000 have #MDRTB without acce.. https://t.co/dLR6zrKsJo"	"31"	"h11032"	"mdrtb"	"AIDS_Free_World"	"0"	"[]"	"0"	"6"	"0"	"[]"	"0"	"6"	"8"
"/1022359899294949376"	"https://t.co/qLil6MMO8C read to know how @deepticomesback defeated #MDRTB. Bravo! @findingsau @ChapalMehra.. https://t.co/BTmmuhghsc"	"30"	"h11032"	"mdrtb"	"SATB1231"	"0"	"[]"	"0"	"2"	"0"	"[]"	"0"	"6"	"2"
"/1018778391456165888"	"Jade Pe*a describing treating a cohort of #MDRTB pts co-infected with #HepC (72% ex prisoners) with great success -.. https://t.co/iPcWmkMQqH"	"29"	"h11032"	"mdrtb"	"drbhargavirao"	"0"	"[]"	"0"	"6"	"0"	"[]"	"0"	"11"	"6"
"/1021080976154415104"	"Tackling the global burden of #MDRTB is a shared responsibility, and one #JNJ takes extremely seriously. We are pro.. https://t.co/QXaI38CP2R"	"29"	"h11032"	"mdrtb"	"JNJGlobalHealth"	"0"	"[]"	"0"	"5"	"0"	"[]"	"0"	"10"	"5"
"/1016252235792158720"	"TREAT TB has launched a webinar series to strengthen capacity to conduct #MDRTB clinical trials. Join the first web.. https://t.co/Ch3Wq65KrW"	"28"	"h11032"	"mdrtb"	"TheUnion_TBLH"	"0"	"[]"	"0"	"5"	"0"	"[]"	"0"	"10"	"7"
"/1016600442028085248"	"The @WHO Global Report 2018, estimates India*s #MDRTB burden at 147,000. Hence, this is a critical initiative! But.. https://t.co/VxAADzWFIv"	"28"	"h11032"	"mdrtb"	"SATB1231"	"0"	"[]"	"0"	"7"	"0"	"[]"	"0"	"5"	"7"
"/1017884876551442438"	"Stephen Lewis discusses AIDS-Free World's new film on #MDRTB in #SouthAfrica and #India, as well as our Legal Consu.. https://t.co/3C6Z4AI2VD"	"28"	"h11032"	"mdrtb"	"AIDS_Free_World"	"0"	"[]"	"0"	"1"	"0"	"[]"	"0"	"4"	"1"
"/1010102215414091777"	"We congratulate #SouthAfrica on its decision to roll out a much needed medicine to fight #MDRTB. #Access2Meds.. https://t.co/wME1lkIwiS"	"25"	"h11032"	"mdrtb"	"MedsPatentPool"	"0"	"[]"	"0"	"1"	"0"	"[]"	"0"	"8"	"1"
"/1010224771601223680"	"#SouthAfrica's mass roll-out of #bedaquiline including #MDRTB treatment, a historical moment to show access to.. https://t.co/hYnLHlN1OM"	"25"	"h11032"	"mdrtb"	"DrEricAdam"	"0"	"[]"	"0"	"7"	"0"	"[]"	"0"	"5"	"8"
"/1003973069088620544"	"Championing E-Health system for improved detection of missing #TB cases in #Malawi #tuberculosis #endTB #MdrTB.. https://t.co/CtvcpeSlUd"	"23"	"h11032"	"mdrtb"	"SATBHSS_Project"	"0"	"[]"	"0"	"4"	"0"	"[]"	"0"	"9"	"4"
"/1003947234533097472"	"""#MDRTB is nothing short of a death sentence for thousands of #Indians."" @deepticomesback @ChapalMehra.. https://t.co/SbLV2YsYui"	"23"	"h11032"	"mdrtb"	"SATB1231"	"0"	"[]"	"0"	"8"	"0"	"[]"	"0"	"9"	"8"
"/1003732976256126976"	"I*m a survivor of #MDRTB but lost 3 family members. Have our voices heard by TBcommunity, we are efforts to develop.. https://t.co/UjEGrUYGna"	"23"	"h11032"	"mdrtb"	"sushilbaral"	"0"	"[]"	"0"	"1"	"0"	"[]"	"0"	"7"	"1"
"/1001397972272336896"	"As of May 2018, there are 101 patients enrolled in our #MDRTB clinical trial.**Find out more:.. https://t.co/zFXuT29uTE"	"22"	"h11032"	"mdrtb"	"endTB"	"0"	"[]"	"0"	"7"	"0"	"[]"	"0"	"8"	"7"
"/1001402857130811392"	"*When I began treatment of #MDRTB, I underwent bouts of depression.  Noone counselled me. I was told to eat the med.. https://t.co/ePqwtCCLZq"	"22"	"h11032"	"mdrtb"	"SATB1231"	"0"	"[]"	"0"	"5"	"0"	"[]"	"0"	"7"	"5"
"/999669402609115137"	"Actionable #HLMTB ask from #JNJ*s #JaakPeeters * tackle #MDRTB which causes a third of all #AMR deaths.  It*s a win.. https://t.co/5EEVtPvNsY"	"21"	"h11032"	"mdrtb"	"ro_collins"	"0"	"[]"	"0"	"1"	"0"	"[]"	"0"	"12"	"9"
"/1034459866197319682"	"#Science #Research in #India: #Fighting #Tuberculosis through #Directed #Evolution  https://t.co/zxfP7hCBeI*.*... https://t.co/OAonXFuxO7"	"35"	"h2203"	"research"	"vitorrindia"	"0"	"[]"	"0"	"2"	"0"	"[]"	"0"	"1"	"3"
"/1034459748702273536"	"#Science #Research in #India: #Fighting #Tuberculosis through #Directed #Evolution  https://t.co/GjQWcfDMme*.*... https://t.co/MhYeNEoP6v"	"35"	"h2203"	"research"	"vitorrians"	"0"	"[]"	"0"	"1"	"0"	"[]"	"0"	"1"	"2"
"/1035469758118940673"	"Wax #Moths Could Replace #Mice for #Tuberculosis #Research**https://t.co/xZduC5X18J #animalresearch #EARA.. https://t.co/aQSQRQchYa"	"35"	"h2203"	"research"	"The_EARA"	"0"	"[]"	"0"	"2"	"0"	"[]"	"0"	"1"	"2"
"/1034459677600505856"	"#Science #Research in #India: #Fighting #Tuberculosis through #Directed #Evolution  https://t.co/TGjLB6ytr8*.*... https://t.co/Ykdm7ojKk8"	"35"	"h2203"	"research"	"saha_shammi"	"0"	"[]"	"0"	"1"	"0"	"[]"	"0"	"0"	"2"
"/1032636636138545152"	"Important #publichealth #research findings!**Revisiting the timetable of #tuberculosis**https://t.co/A9k3Mjm2M7 v.. https://t.co/Ko9Q14NtxP"	"34"	"h2203"	"research"	"AniShakari"	"0"	"[]"	"0"	"4"	"0"	"[]"	"0"	"8"	"4"
"/1031981115937103872"	"Study shows children with multidrug-resistant tuberculosis can be treated. https://t.co/510N41OhVc #tb #research.. https://t.co/Da9NTCUz0V"	"34"	"h2203"	"research"	"SUhealthsci"	"0"	"[]"	"0"	"0"	"1"	"[""/1032174623381757952""]"	"0"	"2"	"2"
"/1031294770730213376"	"A @BrockUniversity #research team has created a #microscopic #robot that has the potential to identify.. https://t.co/5WzQKytKVY"	"33"	"h2203"	"research"	"medical_view"	"0"	"[]"	"0"	"2"	"0"	"[]"	"0"	"2"	"2"
"/1006096524659646465"	"MBLA workshop @univofstandrews #tuberculosis #research #Scotland #Vietnam **** https://t.co/EvU6BxHp5r"	"24"	"h2203"	"research"	"smkd87"	"0"	"[]"	"0"	"1"	"0"	"[]"	"0"	"9"	"1"
"/1005450250780176387"	"And the award for best article title goes to.... @paimadhu @mikereidmd #Tuberculosis #science #research.. https://t.co/vjoUOkdWeO"	"23"	"h2203"	"research"	"lstrnad5"	"0"	"[]"	"0"	"4"	"0"	"[]"	"0"	"6"	"4"
"/1003724868603600896"	"There must be community engagement in not only innovative #research &amp; #development but also #policymaking. #endTB #UNHLMTB #EWECisME"	"23"	"h2203"	"research"	"UN_EWEC"	"0"	"[]"	"0"	"2"	"0"	"[]"	"0"	"4"	"2"
"/1037264110960959488"	"Umoya omuhle: a #whole systems approach to #drug-resistant #tuberculosis in #SouthAfrica @naomimstewart @LSHTM.. https://t.co/OM4J2eeAKV"	"36"	"h3486"	"southafrica"	"LIDC_UK"	"0"	"[]"	"0"	"3"	"0"	"[]"	"0"	"4"	"3"
"/1032707548032507909"	"#SouthAfrica's approach to tackling #MDRTB has become a model for the world, yet challenges abound."" In South Afric.. https://t.co/LBJqHDwLlT"	"34"	"h3486"	"southafrica"	"AIDS_Free_World"	"0"	"[]"	"0"	"6"	"0"	"[]"	"0"	"2"	"6"
"/1026936777720963072"	"#SouthAfrica's approach to tackling #MDRTB has become a model for the world, yet challenges abound. ""In South Afric.. https://t.co/uL80p2QVeq"	"32"	"h3486"	"southafrica"	"AIDS_Free_World"	"0"	"[]"	"0"	"5"	"1"	"[""/1027047308179988481""]"	"0"	"4"	"5"
"/1023932228009701376"	"Goodman was the first in #SouthAfrica to receive both #Bedaquiline and #Delamanid. He tells his inspiring story in.. https://t.co/l6xxTBFgxq"	"31"	"h3486"	"southafrica"	"AIDS_Free_World"	"0"	"[]"	"0"	"2"	"0"	"[]"	"0"	"3"	"3"
"/1023169453075427329"	"In the battle against #MDRTB, #India and #SouthAfrica are both making choices with profound * and in one case devas.. https://t.co/ZPCuf2Au1p"	"30"	"h3486"	"southafrica"	"AIDS_Free_World"	"0"	"[]"	"0"	"6"	"0"	"[]"	"0"	"4"	"7"
"/1022869978729652224"	"#India and #SouthAfrica are among the world's worst affected countries when it comes to drug-resistant.. https://t.co/sXtn4D36qV"	"30"	"h3486"	"southafrica"	"AIDS_Free_World"	"0"	"[]"	"0"	"3"	"0"	"[]"	"0"	"4"	"4"
"/1020237067664494593"	"Sh @JPNadda addressing the 8th BRICS Health Ministers' Meeting at #Durban, #SouthAfrica today: India affirms strong.. https://t.co/sqQilVwqh3"	"29"	"h3486"	"southafrica"	"MoHFW_INDIA"	"0"	"[]"	"0"	"33"	"0"	"[]"	"0"	"124"	"35"
"/1019607301597155328"	"#NelsonMandela*s words about #SouthAfrica*s twin epidemics as true today as in 2004 - by @TheUnion_TBLH ExD.. https://t.co/Li7cvACUod"	"29"	"h3486"	"southafrica"	"AniShakari"	"0"	"[]"	"0"	"3"	"0"	"[]"	"0"	"7"	"4"
"/1020311131401879552"	"Attending #AIDS2018 / #TB2018 and want to learn more about how #India and #SouthAfrica are approaching the struggle.. https://t.co/u4jAy3G68L"	"29"	"h3486"	"southafrica"	"AIDS_Free_World"	"0"	"[]"	"0"	"5"	"0"	"[]"	"0"	"7"	"5"
"/1016974158381699072"	"#Sud*frica financiar* una pastilla de *ltima generaci*n para las personas con #tuberculosis #TB que no responden a.. https://t.co/JiUNhWgQJG"	"28"	"h3486"	"southafrica"	"ISGLOBALorg"	"0"	"[]"	"0"	"3"	"0"	"[]"	"0"	"8"	"4"
"/1016921825979326464"	"#Tuberculosis resistente en #sudafrica : #VIH #minas #bedaquilina  https://t.co/u64UFXDkTP via @Planeta_Futuro.. https://t.co/McBcHw1zYI"	"28"	"h3486"	"southafrica"	"TB_UITB"	"0"	"[]"	"0"	"8"	"0"	"[]"	"0"	"7"	"8"
"/1017264814266245122"	"#Sud*frica tiene motivos para pasar a la acci*n. No solo tiene la mayor epidemia de #VIH del mundo, sino que es uno.. https://t.co/SpRVEiOWTe"	"28"	"h3486"	"southafrica"	"Planeta_Futuro"	"0"	"[]"	"0"	"7"	"0"	"[]"	"0"	"5"	"7"
"/1017884876551442438"	"Stephen Lewis discusses AIDS-Free World's new film on #MDRTB in #SouthAfrica and #India, as well as our Legal Consu.. https://t.co/3C6Z4AI2VD"	"28"	"h3486"	"southafrica"	"AIDS_Free_World"	"0"	"[]"	"0"	"1"	"0"	"[]"	"0"	"4"	"1"
"/1008781796257955842"	"#SouthAfrica becomes first country to replace injectables with #bedaquiline for #MDR #TB. #tuberculosis.. https://t.co/08fovDo7qD"	"25"	"h3486"	"southafrica"	"BrendaWaning"	"0"	"[]"	"0"	"17"	"0"	"[]"	"0"	"20"	"18"
"/1010102215414091777"	"We congratulate #SouthAfrica on its decision to roll out a much needed medicine to fight #MDRTB. #Access2Meds.. https://t.co/wME1lkIwiS"	"25"	"h3486"	"southafrica"	"MedsPatentPool"	"0"	"[]"	"0"	"1"	"0"	"[]"	"0"	"8"	"1"
"/1010224771601223680"	"#SouthAfrica's mass roll-out of #bedaquiline including #MDRTB treatment, a historical moment to show access to.. https://t.co/hYnLHlN1OM"	"25"	"h3486"	"southafrica"	"DrEricAdam"	"0"	"[]"	"0"	"7"	"0"	"[]"	"0"	"5"	"8"
"/1009701162776481792"	"#SouthAfrica made history on Monday when the health department announced that all drug-resistant #tuberculosis (DR-.. https://t.co/NCcRUBBlXB"	"25"	"h3486"	"southafrica"	"AfricaDoctors"	"0"	"[]"	"0"	"2"	"1"	"[""/1009758210163728385""]"	"0"	"4"	"2"
"/1008657823734038528"	"#SouthAfrica is the world's largest test ground  for drugs against drug-resistant #Tuberculosis. Each year new drug.. https://t.co/Vi3psIY1u4"	"25"	"h3486"	"southafrica"	"AdrianaStuijt"	"0"	"[]"	"0"	"2"	"0"	"[]"	"0"	"2"	"2"
"/1009016808773488640"	"#SouthAfrica department of health yesterday became the first in the world to announce the roll out of a new and muc.. https://t.co/X3yhzkK33R"	"25"	"h3486"	"southafrica"	"PlatformAfrika"	"0"	"[]"	"0"	"4"	"0"	"[]"	"0"	"2"	"4"
"/1006461028547416064"	"This is why #SouthAfrica TB work is amazing - analyze data - check evidence - learn from it - go for policy changes.. https://t.co/4ycwhXW8YG"	"24"	"h3486"	"southafrica"	"LucicaDitiu"	"0"	"[]"	"0"	"11"	"0"	"[]"	"0"	"17"	"11"
"/1035837259176660995"	"Better and shorter new drug regimens have been introduced for #TB patients which are now being administered across.. https://t.co/0rlZDff5qK"	"35"	"h10393"	"tb"	"MoHFW_INDIA"	"0"	"[]"	"0"	"83"	"0"	"[]"	"0"	"205"	"91"
"/1035474923324682246"	"To reduce transmission time of #tuberculosis, an active case finding campaign has been launched with Mobile #TB Van.. https://t.co/nqeD3vzdsA"	"35"	"h10393"	"tb"	"MoHFW_INDIA"	"0"	"[]"	"0"	"40"	"0"	"[]"	"0"	"135"	"45"
"/1030797066182844417"	"New WHO guidance recommends expanding access to multidrug-resistant #tuberculosis treatment. It will result in majo.. https://t.co/diw4mbLge1"	"33"	"h10393"	"tb"	"WHO"	"1"	"[""/1032167298360958976""]"	"0"	"344"	"3"	"[""/1031077713866420224"",""/1031019707619454976"",""/1031068836345180160""]"	"1"	"521"	"380"
"/1030444502098567169"	"This is great! @WHO announces key changes to treatment of multidrug- and rifampicin-resistant #tuberculosis.. https://t.co/AqZEgv5VM8"	"33"	"h10393"	"tb"	"paimadhu"	"1"	"[""/1032297530996875265""]"	"0"	"87"	"0"	"[]"	"1"	"136"	"96"
"/1029990957893148672"	"#Tuberculosis continues to be one of the deadliest diseases in the Philippines **. There are one million Filipinos.. https://t.co/moYBFKaQoz"	"33"	"h10393"	"tb"	"WHOPhilippines"	"1"	"[""/1030261223969804288""]"	"0"	"48"	"0"	"[]"	"0"	"120"	"79"
"/1027103879853432832"	".@poojadadwal21, who starred in #SalmanKhan*s #Veergati, has recovered from #Tuberculosis. She has now headed home.. https://t.co/FFUcJPt1CN"	"32"	"h10393"	"tb"	"Spotboye"	"0"	"[]"	"0"	"91"	"0"	"[]"	"0"	"314"	"125"
"/1028287523129319424"	"For treatment of adults with latent #tuberculosis infection, 4 months of rifampin is non-inferior to 9 months of is.. https://t.co/6diEK7fnOM"	"32"	"h10393"	"tb"	"NEJM"	"0"	"[]"	"0"	"131"	"0"	"[]"	"0"	"219"	"160"
"/1024768006214303744"	"For treatment of adults with latent #tuberculosis infection, 4 months of rifampin is non-inferior to 9 months of is.. https://t.co/OuwRGCSzO4"	"31"	"h10393"	"tb"	"NEJM"	"8"	"[""/1024786694690598912"",""/1025347921796063233"",""/1025094075383463938"",""/1024858452869492736"",""/1024836766434512896"",""/1024793570459492353"",""/1024769483833929728"",""/1024768897990447104""]"	"0"	"321"	"3"	"[""/1025034985273794561"",""/1024773302303084544"",""/1024863958291951622""]"	"1"	"338"	"337"
"/1024811181058318336"	"#TB #tuberculosis Its more in the #Philippines ****Infographic made by @UPManilaOnline College of Medicine Block A.. https://t.co/devBuXwDje"	"31"	"h10393"	"tb"	"PGH_Pulmo"	"0"	"[]"	"0"	"45"	"0"	"[]"	"0"	"120"	"63"
"/1023853077076619266"	"The first ever United Nations High Level Meeting on #tuberculosis will take place on 26 September, 2018. Now is the.. https://t.co/r7MgWPhuxV"	"31"	"h10393"	"tb"	"StopTB"	"2"	"[""/1023875348658876416"",""/1023863242987393024""]"	"0"	"120"	"5"	"[""/1024541527123656705"",""/1024129316605624320"",""/1023934908148998146"",""/1023908894320541700"",""/1023864474426646528""]"	"0"	"110"	"107"
"/1023123484812226560"	"KPK government has decided to launch the 2nd phase of the special program to eradicate #tuberculosis from the provi.. https://t.co/nSh5bkol3h"	"30"	"h10393"	"tb"	"pid_gov"	"0"	"[]"	"0"	"19"	"0"	"[]"	"0"	"121"	"21"
"/1020915886335569920"	"TB can affect any part of the body. Pulmonary #TB is the most common form of #Tuberculosis that affects the lungs... https://t.co/5f2dCvNFh6"	"29"	"h10393"	"tb"	"kpmaurya1"	"0"	"[]"	"0"	"29"	"0"	"[]"	"0"	"167"	"30"
"/1018774622517460992"	"Did you know that despite being curable and preventable #tuberculosis is one of the top 10 causes of death worldwid.. https://t.co/IQSF1qKA0u"	"29"	"h10393"	"tb"	"WHOSEARO"	"0"	"[]"	"1"	"105"	"0"	"[]"	"1"	"146"	"100"
"/1017725512020647936"	"La #tuberculosis es una enfermedad frecuente y completamente tratable una vez que se hizo el #diagnostico. Se conta.. https://t.co/DSjM65aYwQ"	"28"	"h10393"	"tb"	"DrLopezRosetti"	"0"	"[]"	"0"	"6"	"0"	"[]"	"0"	"260"	"163"
"/1016185328535654400"	"Incentive scheme for nutritional support to #Tuberculosis patients called *Nikshay Poshan Yojana* is now being carr.. https://t.co/VzzRsrFJwa"	"28"	"h10393"	"tb"	"MoHFW_INDIA"	"0"	"[]"	"0"	"62"	"0"	"[]"	"0"	"134"	"67"
"/1016602837357355011"	"In 2017, over 300,000 #tuberculosis cases were undetected in Nigeria. If you are coughing for 2 weeks or more, plea.. https://t.co/CN7PwfaLaA"	"28"	"h10393"	"tb"	"WHONigeria"	"1"	"[""/1016611954150989824""]"	"0"	"91"	"0"	"[]"	"0"	"115"	"116"
"/1008936673214951424"	"Our (@ravishni &amp; I) outreach #podcasts on #tuberculosis covered by @Dainik_Jagaran. We discuss #endTB mission of ho.. https://t.co/fRsDmMffUe"	"25"	"h10393"	"tb"	"Sukant_Khurana"	"0"	"[]"	"0"	"597"	"0"	"[]"	"0"	"601"	"2791"
"/1008362445914693637"	"In his wonderful book 'Factfulness', Hans Rosling, whose mother had #tuberculosis, says TB is mostly a disease that.. https://t.co/AX4sJB3K4Z"	"24"	"h10393"	"tb"	"paimadhu"	"0"	"[]"	"0"	"106"	"0"	"[]"	"0"	"163"	"110"
"/1008280590653648897"	"#MoHFW introduced a scheme for incentives for nutritional support to #TB patients called *Nikshay Poshan Yojana*. T.. https://t.co/XspN6BPUKA"	"24"	"h10393"	"tb"	"MoHFW_INDIA"	"0"	"[]"	"0"	"62"	"0"	"[]"	"0"	"121"	"65"
"/1004978219374690305"	"#Tuberculosis (TB) is curable and preventable but TB is still one of the top 10 causes of death in the world. **Kno.. https://t.co/uBYgQhfR6E"	"23"	"h10393"	"tb"	"WHOWPRO"	"0"	"[]"	"2"	"123"	"1"	"[""/1005135128031571968""]"	"0"	"160"	"149"
"/1036535739679485958"	"RT via @UNAIDS : Three in five people starting HIV #treatment are not screened, tested or treated for #tuberculosis.. https://t.co/7MGEbpN9fB"	"36"	"h10374"	"treatment"	"HumanaHPP"	"0"	"[]"	"0"	"3"	"0"	"[]"	"0"	"4"	"3"
"/1037032799138734086"	"@UNAIDS: Three in five people starting HIV #treatment are not screened, tested or treated for #tuberculosis, the bi.. https://t.co/JIu7FBqRXy"	"36"	"h10374"	"treatment"	"ftanser"	"0"	"[]"	"0"	"1"	"0"	"[]"	"0"	"0"	"1"
"/1036290208952664064"	"Three in five people starting HIV #treatment are not screened, tested or treated for #tuberculosis, the biggest kil.. https://t.co/St19RqnTnY"	"35"	"h10374"	"treatment"	"UNAIDS"	"1"	"[""/1036414729995079681""]"	"0"	"100"	"2"	"[""/1036890781829685248"",""/1036644761749221376""]"	"0"	"84"	"94"
"/1031429386799669249"	"Three in five people starting HIV #treatment are not screened, tested or treated for #tuberculosis, the biggest kil.. https://t.co/AEy7uihhj5"	"34"	"h10374"	"treatment"	"UNAIDS"	"0"	"[]"	"0"	"27"	"0"	"[]"	"0"	"23"	"27"
"/1025346851715928064"	"#Clinicaltrial data has proved a novel, short #therapy more effective and safe for the #treatment of latent.. https://t.co/LKrtpupovc"	"31"	"h10374"	"treatment"	"IDHubFSG"	"0"	"[]"	"0"	"4"	"0"	"[]"	"0"	"3"	"4"
"/1024989274062520321"	"*It*s very gratifying*: Pair of #studies raise hopes for #safer #treatment of latent #tuberculosis by.. https://t.co/M7UePSWmGC"	"31"	"h10374"	"treatment"	"charlesweijer"	"0"	"[]"	"0"	"2"	"0"	"[]"	"1"	"2"	"2"
"/1022642095151108097"	"Interesantes reflexiones #AIDS2018 #Miles2Go #HazteLaPrueba #Tratamiento #TARV #UsaElCond*n #SexoSeguro #Prevenci*n.. https://t.co/wq3HxzZRxG"	"30"	"h10374"	"treatment"	"StopVIH"	"0"	"[]"	"0"	"4"	"0"	"[]"	"0"	"4"	"5"
"/1020903797248446465"	"Three in five people starting HIV #treatment are not screened, tested or treated for #tuberculosis, the biggest kil.. https://t.co/z8GeyaSbIf"	"29"	"h10374"	"treatment"	"UNAIDS"	"0"	"[]"	"0"	"43"	"0"	"[]"	"0"	"46"	"46"
"/1035793137099108353"	"3 Canadians requesting that @JustinTrudeau attend the #UNHLMTB and help #EndTB. TB among Inuit in Canada &gt; 290 time.. https://t.co/PlftyqxwfX"	"35"	"h10533"	"unhlmtb"	"tb_pai"	"0"	"[]"	"0"	"11"	"0"	"[]"	"0"	"35"	"12"
"/1035805847945920513"	"ACT NOW! 26 days to go till 26 September! Together let*s secure Heads of State participation at the #UNHLMTB to.. https://t.co/jGObtRy9Yg"	"35"	"h10533"	"unhlmtb"	"StopTB"	"0"	"[]"	"0"	"28"	"0"	"[]"	"1"	"26"	"29"
"/1035791709420937216"	"3 Canadians requesting that @JustinTrudeau attend the #UNHLMTB and help #EndTB. TB among Inuit in Canada &gt; 290 time.. https://t.co/T7Ghdl6ocl"	"35"	"h10533"	"unhlmtb"	"dcazabon"	"0"	"[]"	"0"	"8"	"0"	"[]"	"0"	"19"	"8"
"/1032173006590816256"	"#UNHLMTB - we have 2 more countries to add- Macedonia and Republic of Moldova -that makes 45 HoSG ready to commit t.. https://t.co/hWexIRcdtY"	"34"	"h10533"	"unhlmtb"	"LucicaDitiu"	"0"	"[]"	"0"	"25"	"0"	"[]"	"1"	"32"	"25"
"/1032688989285896193"	"The first ever UN High-Level Meeting on TB (#UNHLMTB) is just one month away! Join #JNJ, @StopTB, @WEF &amp;.. https://t.co/dVqTq6Vq0A"	"34"	"h10533"	"unhlmtb"	"JNJGlobalHealth"	"0"	"[]"	"0"	"24"	"0"	"[]"	"0"	"31"	"25"
"/1032568119720587264"	"27% of the 10.4 Million people with TB are grateful to their 46 HoS/G who will  attend the #UNHLMTB on Sept 26. The.. https://t.co/4SLFo1ndBo"	"34"	"h10533"	"unhlmtb"	"StopTB"	"0"	"[]"	"0"	"21"	"0"	"[]"	"0"	"22"	"21"
"/1032251178489397249"	"In the lead-up to the #UNHLMTB, @StopTB, @JNJNews &amp; @wef will co-host a TB Innovation Summit on Sunday, 23 Septembe.. https://t.co/BWNrLmA34e"	"34"	"h10533"	"unhlmtb"	"StopTB"	"0"	"[]"	"0"	"0"	"1"	"[""/1032539109284368384""]"	"0"	"19"	"12"
"/1016291156899090432"	"First time ever, world &amp; country leaders will come together to discuss #tuberculosis at the #UNHLMTB. President Kim.. https://t.co/ZwQkw9Ar8t"	"28"	"h10533"	"unhlmtb"	"LucicaDitiu"	"0"	"[]"	"0"	"7"	"1"	"[""/1016303462726995969""]"	"0"	"17"	"8"
"/1014116826165514240"	"First time ever, world &amp; country leaders will come together to discuss #tuberculosis at the #UNHLMTB. President Mul.. https://t.co/vMs08qSZet"	"27"	"h10533"	"unhlmtb"	"StopTB"	"0"	"[]"	"0"	"2"	"0"	"[]"	"0"	"17"	"7"
"/1011605892670918657"	"First time ever, world &amp; country leaders will come together to discuss #tuberculosis at the #UNHLMTB. President.. https://t.co/HNs2ONcj4j"	"26"	"h10533"	"unhlmtb"	"LucicaDitiu"	"0"	"[]"	"0"	"9"	"0"	"[]"	"0"	"23"	"13"
"/1011942351630200833"	"First time ever, world &amp; country leaders will come together to discuss #tuberculosis at the #UNHLMTB. President Muh.. https://t.co/Ap5SbTzDFp"	"26"	"h10533"	"unhlmtb"	"StopTB"	"0"	"[]"	"0"	"5"	"0"	"[]"	"0"	"17"	"19"
"/1009944975998619650"	"Team @tb_pai @McGill_TB @mcgillu hopes PM @JustinTrudeau will participate in the #UNHLMTB and show Canada's commitm.. https://t.co/MYcTqlXSbz"	"25"	"h10533"	"unhlmtb"	"paimadhu"	"0"	"[]"	"0"	"12"	"0"	"[]"	"0"	"20"	"13"
"/1009782870292992000"	"First time ever, world &amp; country leaders will come together to discuss #tuberculosis at the #UNHLMTB. President Xi.. https://t.co/D621qHEObE"	"25"	"h10533"	"unhlmtb"	"LucicaDitiu"	"0"	"[]"	"0"	"11"	"0"	"[]"	"0"	"17"	"12"
"/1009064331177324545"	"First time ever, world &amp; country leaders will come together to discuss #tuberculosis at the #UNHLMTB. Prime Ministe.. https://t.co/cyapmP1GGd"	"25"	"h10533"	"unhlmtb"	"StopTB"	"0"	"[]"	"0"	"11"	"0"	"[]"	"0"	"17"	"13"
"/1003810906751537153"	"Hangin our with @JoanneLiu_MSF in Times Square and plotting some strategy around #UNHLMTB! Great to see her engagem.. https://t.co/XYVmxDYv5T"	"23"	"h10533"	"unhlmtb"	"paimadhu"	"0"	"[]"	"0"	"4"	"0"	"[]"	"0"	"61"	"5"
"/1003793697295732736"	"A great experience chairing the final panel of the civil society hearing  at  #UNHLMTB alongside passionate &amp; eloqu.. https://t.co/5NzfIzm0y3"	"23"	"h10533"	"unhlmtb"	"MalecheAllan"	"0"	"[]"	"0"	"10"	"0"	"[]"	"0"	"30"	"10"
"/1003685692076109825"	"""If 1.7m lives unnecessarily lost every year is not enough to get you to attend the #UNHLMTB, then what is? Hon Nic.. https://t.co/JnlRMwtBEM"	"23"	"h10533"	"unhlmtb"	"GlobalTBCaucus"	"0"	"[]"	"0"	"0"	"1"	"[""/1003686119702065153""]"	"0"	"28"	"30"
"/1003634093664489473"	"Reminder of the Key Asks just before we kickstart the Interactive Civil Society Hearing at @UN #UNHLMTB #EndTB.. https://t.co/fp3sUzfWAh"	"23"	"h10533"	"unhlmtb"	"G_C_T_A"	"1"	"[""/1003637565885501440""]"	"0"	"14"	"0"	"[]"	"0"	"21"	"13"
"/1003717703226585091"	"*We need to science the shit out of TB* So says the indomitable .@paimadhu #EndTB #UNHLMTB https://t.co/V1nIQ29EEn"	"23"	"h10533"	"unhlmtb"	"seechangeinit"	"0"	"[]"	"0"	"6"	"0"	"[]"	"0"	"18"	"6"
"/1002105163476291586"	"Don't forget, TODAY is our #TwitterChat for the upcoming interactive civil society hearing ahead of the #UNHLMTB. J.. https://t.co/gaFNkY9Joi"	"22"	"h10533"	"unhlmtb"	"StopTB"	"1"	"[""/1002174949186879488""]"	"0"	"0"	"0"	"[]"	"0"	"19"	"10"
"/1037504152098820096"	".@Duke Study Says #BigPharma *Unlikely To Yield Highly Effective #Vaccines* For Major #Diseases. #PublicHealth.. https://t.co/cXM8n77Lb2"	"36"	"h4418"	"vaccine"	"avoiceforchoice"	"0"	"[]"	"0"	"1"	"0"	"[]"	"0"	"1"	"1"
"/1023831147455963137"	"@csir_iicb researchers find  scope for developing a new #vaccine against #tuberculosis through biological route.. https://t.co/V5tjOY5j8M"	"31"	"h4418"	"vaccine"	"indianscinews"	"0"	"[]"	"0"	"7"	"0"	"[]"	"0"	"8"	"7"
"/1025334227510996992"	"BCG #vaccine found to strongly improve HbA1c in type 1 #diabetes https://t.co/I98WTlK60W*#tuberculosis"	"31"	"h4418"	"vaccine"	"ATTDconf"	"0"	"[]"	"0"	"4"	"0"	"[]"	"0"	"7"	"6"
"/1022718984817467392"	"BIO-RESEARCH: A new #vaccine against #Tuberculosis via biological route may soon be a reality, with scientists at.. https://t.co/jiHUpioOHK"	"30"	"h4418"	"vaccine"	"BiovoiceNews"	"0"	"[]"	"0"	"4"	"0"	"[]"	"0"	"6"	"6"
"/1022749686925471744"	"Scientists help pave the way for a #vaccine against #tuberculosis *@csir_iicb @bose_institute @serbonline @IndiaDST.. https://t.co/uv9rWVMq9r"	"30"	"h4418"	"vaccine"	"indianscinews"	"0"	"[]"	"0"	"2"	"0"	"[]"	"0"	"3"	"4"
"/1022757036612673536"	"A new #vaccine against #tuberculosis via biological route may soon be a reality*@csir_iicb @bose_institute.. https://t.co/0lKTVKe8Yq"	"30"	"h4418"	"vaccine"	"indianscinews"	"0"	"[]"	"0"	"4"	"0"	"[]"	"0"	"2"	"4"
"/1022782813530214400"	"A central assumption of the WHO's #EndTB strategy is a new #vaccine against #TB halting the spread of drug-sensitiv.. https://t.co/7Ou53N8kjy"	"30"	"h4418"	"vaccine"	"tribalnevin"	"0"	"[]"	"0"	"1"	"0"	"[]"	"0"	"1"	"1"
"/1022144694598488065"	"To be prepared to #outsmartepidemics, we need #vaccines, treatments, &amp; other tools. But right now the #GlobalHealth.. https://t.co/2kvgUDBX32"	"30"	"h4418"	"vaccine"	"GHTCoalition"	"0"	"[]"	"0"	"0"	"1"	"[""/1022479616437571585""]"	"0"	"0"	"4"
"/1018675940661055490"	"Hope for new revaccination stategies with BCG against Tuberculosis. #SATVI #immunology #Tuberculosis #vaccine #BCG https://t.co/5yLFIFKHx7"	"29"	"h4418"	"vaccine"	"Immunology_UCT"	"0"	"[]"	"0"	"2"	"0"	"[]"	"0"	"4"	"2"
"/1017068630939525120"	"Our July issue with a Focus on Vaccines is now live. Learn where we stand on progress in #vaccines for.. https://t.co/B7rrQTF7Ct"	"28"	"h4418"	"vaccine"	"cellhostmicrobe"	"0"	"[]"	"0"	"2"	"0"	"[]"	"0"	"5"	"2"
"/1017390671764877312"	"Novel #tuberculosis #vaccine doesn*t affect primary outcome but did reduce sustained IGRA conversions. That*s a pre.. https://t.co/uCn6a5S2wc"	"28"	"h4418"	"vaccine"	"TimLaheyMD"	"0"	"[]"	"0"	"1"	"0"	"[]"	"0"	"1"	"1"
"/1011107190738804736"	"Type-1 diabetes can be controlled with help from this TB vaccine. #type1diabetes #tuberculosis #Vaccine.. https://t.co/cQVfkAlrHu"	"26"	"h4418"	"vaccine"	"htlifeandstyle"	"0"	"[]"	"0"	"3"	"0"	"[]"	"0"	"9"	"3"
"/1010066611716358145"	"BCG (#tuberculosis) #vaccine can reverse Type 1 #diabetes to almost undetectable levels, eight-year study shows' |.. https://t.co/HPkRZqbMqi"	"25"	"h4418"	"vaccine"	"bioamara"	"0"	"[]"	"0"	"1"	"0"	"[]"	"0"	"6"	"1"
"/998704151763668992"	"What will it take to finally defeat #tuberculosis? New #drugs #diagnostics #vaccines! Issues causing dormant TB to.. https://t.co/dnX8f6l9Z9"	"21"	"h4418"	"vaccine"	"Vaccinologist"	"0"	"[]"	"0"	"6"	"0"	"[]"	"0"	"102"	"8"
"/1034399207761883136"	"#VIH: Los que admiten que no hacen lo suficiente. El debate sobre la #salud y la #educaci*n de las ni*as en el marc.. https://t.co/rOeaLaET0u"	"35"	"h6170"	"vih"	"CAEXTREMADURA"	"0"	"[]"	"0"	"3"	"0"	"[]"	"0"	"5"	"3"
"/1032386821169209344"	"Aniversario 11 #cisidat evoluci*n de la investigaci*n #vih #sida y #tuberculosis https://t.co/ocGUEXONLF"	"34"	"h6170"	"vih"	"dafeeldo"	"0"	"[]"	"0"	"1"	"0"	"[]"	"0"	"5"	"1"
"/1032349788342288384"	"1895 personas con #Diabetes y 1418 con #VIH sufrieron #Tuberculosis en Per* el 2017,ambas poblaciones vulnerables a.. https://t.co/0cCJmRPww5"	"34"	"h6170"	"vih"	"CarlosRoj_TBVIH"	"0"	"[]"	"0"	"3"	"0"	"[]"	"0"	"3"	"3"
"/1027137365733715968"	"El #VIH es una palabra prohibida. Cuando los vecinos preguntan a Lakshmi porqu* su familia va tanto al m*dico, la r.. https://t.co/EheOYCUjxV"	"32"	"h6170"	"vih"	"FVICENTEFERRER"	"0"	"[]"	"0"	"7"	"0"	"[]"	"0"	"9"	"8"
"/1021410451182292992"	"Hoy en #SaludTigre hablamos de #VIH y del Test R*pido disponible en todos los Centros de Salud, Adem*s, la Dra. Mar.. https://t.co/LUq4YJ61ip"	"30"	"h6170"	"vih"	"vazquezmontoto"	"0"	"[]"	"0"	"13"	"0"	"[]"	"0"	"21"	"14"
"/1020303820935573504"	"""Dato mata relato"", estamos monitoreando la cantidad de casos de #S*filis, #VIH, #Tuberculosis y.. https://t.co/EZVqxbGlkb"	"29"	"h6170"	"vih"	"BouhidBacha"	"0"	"[]"	"0"	"3"	"0"	"[]"	"0"	"6"	"3"
"/1019285489558450176"	"#Sab*asQue La #tuberculosis afecta de manera particular a las personas con #VIH, ya que aumenta en 30 veces el ries.. https://t.co/9oeRsQxxY9"	"29"	"h6170"	"vih"	"direcciondesida"	"0"	"[]"	"0"	"4"	"0"	"[]"	"0"	"2"	"5"
"/1016921825979326464"	"#Tuberculosis resistente en #sudafrica : #VIH #minas #bedaquilina  https://t.co/u64UFXDkTP via @Planeta_Futuro.. https://t.co/McBcHw1zYI"	"28"	"h6170"	"vih"	"TB_UITB"	"0"	"[]"	"0"	"8"	"0"	"[]"	"0"	"7"	"8"
"/1017264814266245122"	"#Sud*frica tiene motivos para pasar a la acci*n. No solo tiene la mayor epidemia de #VIH del mundo, sino que es uno.. https://t.co/SpRVEiOWTe"	"28"	"h6170"	"vih"	"Planeta_Futuro"	"0"	"[]"	"0"	"7"	"0"	"[]"	"0"	"5"	"7"
"/1013928938639380481"	"La infecci*n por #VIH y la #Tuberculosis se encuentran relacionadas, de tal forma que muchas veces se habla de una.. https://t.co/cFP4ZulIRL"	"27"	"h6170"	"vih"	"censida"	"0"	"[]"	"0"	"2"	"0"	"[]"	"0"	"37"	"36"
"/1015133151478403073"	"Preguntas sencillas que pueden acabar con la #tuberculosis World Health Organization #VIH #Lepra #Infecciosas.. https://t.co/tiOB9XAGVJ"	"27"	"h6170"	"vih"	"EduardGToledano"	"0"	"[]"	"0"	"1"	"0"	"[]"	"0"	"2"	"1"
"/1006191878646071296"	"Pensar en respuestas a las co-epidemias de #VIH y #Tuberculosis, sin pensar en el rol que han jugado las organizaci.. https://t.co/ItJSCHnjlP"	"24"	"h6170"	"vih"	"UNFPAMexico"	"0"	"[]"	"0"	"3"	"0"	"[]"	"0"	"6"	"4"
"/1006187468578742272"	"Comienza el panel sobre la revisi*n de compromisos para ampliar las respuestas nacionales al #VIH SIDA y la.. https://t.co/KR7E5gareu"	"24"	"h6170"	"vih"	"UNFPAMexico"	"0"	"[]"	"0"	"4"	"0"	"[]"	"0"	"6"	"4"
"/1007229940289490944"	"*""El #Chagas, la #malaria, el #VIH, la #tuberculosis y las resistencias antimicrobianas son algunos ejemplos de fal.. https://t.co/JFWS1b6JeG"	"24"	"h6170"	"vih"	"ISGLOBALorg"	"0"	"[]"	"0"	"2"	"0"	"[]"	"0"	"3"	"2"
"/1005545081426927616"	"La #tuberculosis afecta de manera particular a las personas con #VIH, ya que aumenta en 30 veces el riesgo de desarrollar la enfermedad."	"23"	"h6170"	"vih"	"direcciondesida"	"0"	"[]"	"0"	"3"	"0"	"[]"	"0"	"2"	"3"
"/1001125373088862209"	"#ProyectoCDCHUCV Detecci*n de #Mycobacterium #tuberculosis en lesiones de la cavidad bucal de #pacientes #VIH+ y VI.. https://t.co/34Z221V57c"	"22"	"h6170"	"vih"	"saberucv"	"0"	"[]"	"0"	"10"	"0"	"[]"	"0"	"5"	"10"
"/1000124032417755138"	"[4/9] Las personas con #VIH que presentan otras complicaciones de salud, est*n en riesgo porque en #Venezuela NO HA.. https://t.co/TYFyJflcJw"	"21"	"h6170"	"vih"	"StopVIH"	"0"	"[]"	"0"	"4"	"0"	"[]"	"0"	"16"	"35"
"/1000542570739625985"	"Es la unica forma de eliminar la #tuberculosis y el #VIH en #Panam*. @ReyinaRK @mcdpanama @MINSA_Panama.. https://t.co/SxeZGTfrrZ"	"21"	"h6170"	"vih"	"amadorgj"	"0"	"[]"	"0"	"2"	"0"	"[]"	"0"	"10"	"8"
"/1000302041703559168"	"Por segundo a*o consecutivo UEIN #Chuf en #22CongresoSEIMC, Bilbao*-Dos comunicaciones orales #PROA #VIH.* -P*ster.. https://t.co/fRbECgd4lF"	"21"	"h6170"	"vih"	"nvalpar"	"0"	"[]"	"0"	"3"	"0"	"[]"	"0"	"5"	"4"
